"n","strategy","distribution","workload","implementation","repetition","seconds"
57,"trueskill_p50","cold","scoring","scalar",1,0.002149691
57,"trueskill_p50","cold","scoring","scalar",2,0.002003861
57,"trueskill_p50","cold","scoring","scalar",3,0.001972442
57,"trueskill_p50","cold","scoring","scalar",4,0.001969791
57,"trueskill_p50","cold","scoring","scalar",5,0.001960001
57,"trueskill_p50","cold","scoring","scalar",6,0.001946801
57,"trueskill_p50","cold","scoring","scalar",7,0.001943972
57,"trueskill_p50","cold","scoring","scalar",8,0.001945961
57,"trueskill_p50","cold","scoring","scalar",9,0.001964171
57,"trueskill_p50","cold","scoring","scalar",10,0.001985951
57,"trueskill_p50","cold","scoring","scalar",11,0.001943021
57,"trueskill_p50","cold","scoring","scalar",12,0.001958101
57,"trueskill_p50","cold","scoring","scalar",13,0.002065261
57,"trueskill_p50","cold","scoring","scalar",14,0.001948661
57,"trueskill_p50","cold","scoring","scalar",15,0.001977532
57,"trueskill_p50","cold","scoring","scalar",16,0.002158131
57,"trueskill_p50","cold","scoring","scalar",17,0.002846412
57,"trueskill_p50","cold","scoring","scalar",18,0.002760071
57,"trueskill_p50","cold","scoring","scalar",19,0.002622522
57,"trueskill_p50","cold","scoring","scalar",20,0.002051121
57,"trueskill_p50","cold","scoring","scalar",21,0.002053282
57,"trueskill_p50","cold","scoring","scalar",22,0.002071821
57,"trueskill_p50","cold","scoring","scalar",23,0.002106411
57,"trueskill_p50","cold","scoring","scalar",24,0.002036952
57,"trueskill_p50","cold","scoring","scalar",25,0.002051741
57,"trueskill_p50","cold","scoring","scalar",26,0.002043321
57,"trueskill_p50","cold","scoring","scalar",27,0.002068151
57,"trueskill_p50","cold","scoring","scalar",28,0.002036561
57,"trueskill_p50","cold","scoring","scalar",29,0.006651044
57,"trueskill_p50","cold","scoring","scalar",30,0.002025091
57,"trueskill_p50","cold","scoring","scalar",31,0.001977911
57,"trueskill_p50","cold","scoring","scalar",32,0.001970692
57,"trueskill_p50","cold","scoring","scalar",33,0.001949891
57,"trueskill_p50","cold","scoring","scalar",34,0.001951211
57,"trueskill_p50","cold","scoring","scalar",35,0.001951211
57,"trueskill_p50","cold","scoring","scalar",36,0.001950822
57,"trueskill_p50","cold","scoring","scalar",37,0.001952911
57,"trueskill_p50","cold","scoring","scalar",38,0.002121551
57,"trueskill_p50","cold","scoring","scalar",39,0.001966971
57,"trueskill_p50","cold","scoring","scalar",40,0.001956652
57,"trueskill_p50","cold","scoring","scalar",41,0.002007381
57,"trueskill_p50","cold","scoring","scalar",42,0.002070001
57,"trueskill_p50","cold","scoring","scalar",43,0.001932481
57,"trueskill_p50","cold","scoring","scalar",44,0.002051462
57,"trueskill_p50","cold","scoring","scalar",45,0.002732081
57,"trueskill_p50","cold","scoring","scalar",46,0.003319122
57,"trueskill_p50","cold","scoring","scalar",47,0.002714321
57,"trueskill_p50","cold","scoring","scalar",48,0.002414132
57,"trueskill_p50","cold","scoring","scalar",49,0.002018791
57,"trueskill_p50","cold","scoring","scalar",50,0.002013091
57,"trueskill_p50","cold","scoring","scalar",51,0.002091402
57,"trueskill_p50","cold","scoring","scalar",52,0.002069161
57,"trueskill_p50","cold","scoring","scalar",53,0.002038851
57,"trueskill_p50","cold","scoring","scalar",54,0.002048982
57,"trueskill_p50","cold","scoring","scalar",55,0.002011821
57,"trueskill_p50","cold","scoring","scalar",56,0.002048441
57,"trueskill_p50","cold","scoring","scalar",57,0.002129332
57,"trueskill_p50","cold","scoring","scalar",58,0.007217914
57,"trueskill_p50","cold","scoring","scalar",59,0.002023401
57,"trueskill_p50","cold","scoring","scalar",60,0.001979402
57,"trueskill_p50","cold","scoring","scalar",61,0.001962361
57,"trueskill_p50","cold","scoring","scalar",62,0.001956381
57,"trueskill_p50","cold","scoring","scalar",63,0.001957661
57,"trueskill_p50","cold","scoring","scalar",64,0.001954831
57,"trueskill_p50","cold","scoring","scalar",65,0.002388281
57,"trueskill_p50","cold","scoring","scalar",66,0.002003171
57,"trueskill_p50","cold","scoring","scalar",67,0.001966762
57,"trueskill_p50","cold","scoring","scalar",68,0.001968351
57,"trueskill_p50","cold","scoring","scalar",69,0.001970221
57,"trueskill_p50","cold","scoring","scalar",70,0.002044501
57,"trueskill_p50","cold","scoring","scalar",71,0.002037832
57,"trueskill_p50","cold","scoring","scalar",72,0.001947621
57,"trueskill_p50","cold","scoring","scalar",73,0.002490691
57,"trueskill_p50","cold","scoring","scalar",74,0.002488542
57,"trueskill_p50","cold","scoring","scalar",75,0.002824902
57,"trueskill_p50","cold","scoring","scalar",76,0.002738021
57,"trueskill_p50","cold","scoring","scalar",77,0.002184622
57,"trueskill_p50","cold","scoring","scalar",78,0.001980481
57,"trueskill_p50","cold","scoring","scalar",79,0.001993381
57,"trueskill_p50","cold","scoring","scalar",80,0.002069022
57,"trueskill_p50","cold","scoring","scalar",81,0.002048711
57,"trueskill_p50","cold","scoring","scalar",82,0.002015571
57,"trueskill_p50","cold","scoring","scalar",83,0.002001951
57,"trueskill_p50","cold","scoring","scalar",84,0.002022921
57,"trueskill_p50","cold","scoring","scalar",85,0.002010321
57,"trueskill_p50","cold","scoring","scalar",86,0.002003681
57,"trueskill_p50","cold","scoring","scalar",87,0.006579914
57,"trueskill_p50","cold","scoring","scalar",88,0.001996282
57,"trueskill_p50","cold","scoring","scalar",89,0.001974771
57,"trueskill_p50","cold","scoring","scalar",90,0.001945581
57,"trueskill_p50","cold","scoring","scalar",91,0.001943281
57,"trueskill_p50","cold","scoring","scalar",92,0.001939942
57,"trueskill_p50","cold","scoring","scalar",93,0.001971321
57,"trueskill_p50","cold","scoring","scalar",94,0.001937311
57,"trueskill_p50","cold","scoring","scalar",95,0.001952021
57,"trueskill_p50","cold","scoring","scalar",96,0.001974322
57,"trueskill_p50","cold","scoring","scalar",97,0.001947651
57,"trueskill_p50","cold","scoring","scalar",98,0.001962981
57,"trueskill_p50","cold","scoring","scalar",99,0.002067961
57,"trueskill_p50","cold","scoring","scalar",100,0.001979802
57,"trueskill_p50","cold","scoring","vectorized",1,6.37e-05
57,"trueskill_p50","cold","scoring","vectorized",2,5.654e-05
57,"trueskill_p50","cold","scoring","vectorized",3,4.795e-05
57,"trueskill_p50","cold","scoring","vectorized",4,4.575e-05
57,"trueskill_p50","cold","scoring","vectorized",5,4.271e-05
57,"trueskill_p50","cold","scoring","vectorized",6,4.057e-05
57,"trueskill_p50","cold","scoring","vectorized",7,3.919e-05
57,"trueskill_p50","cold","scoring","vectorized",8,3.929e-05
57,"trueskill_p50","cold","scoring","vectorized",9,3.762e-05
57,"trueskill_p50","cold","scoring","vectorized",10,3.846e-05
57,"trueskill_p50","cold","scoring","vectorized",11,3.8381e-05
57,"trueskill_p50","cold","scoring","vectorized",12,4.136e-05
57,"trueskill_p50","cold","scoring","vectorized",13,3.704e-05
57,"trueskill_p50","cold","scoring","vectorized",14,3.481e-05
57,"trueskill_p50","cold","scoring","vectorized",15,4.155e-05
57,"trueskill_p50","cold","scoring","vectorized",16,4.669e-05
57,"trueskill_p50","cold","scoring","vectorized",17,5.38e-05
57,"trueskill_p50","cold","scoring","vectorized",18,4.912e-05
57,"trueskill_p50","cold","scoring","vectorized",19,3.823e-05
57,"trueskill_p50","cold","scoring","vectorized",20,3.912e-05
57,"trueskill_p50","cold","scoring","vectorized",21,3.895e-05
57,"trueskill_p50","cold","scoring","vectorized",22,4.53e-05
57,"trueskill_p50","cold","scoring","vectorized",23,3.86e-05
57,"trueskill_p50","cold","scoring","vectorized",24,3.984e-05
57,"trueskill_p50","cold","scoring","vectorized",25,3.849e-05
57,"trueskill_p50","cold","scoring","vectorized",26,3.841e-05
57,"trueskill_p50","cold","scoring","vectorized",27,3.8391e-05
57,"trueskill_p50","cold","scoring","vectorized",28,3.788e-05
57,"trueskill_p50","cold","scoring","vectorized",29,4.512e-05
57,"trueskill_p50","cold","scoring","vectorized",30,3.906e-05
57,"trueskill_p50","cold","scoring","vectorized",31,3.815e-05
57,"trueskill_p50","cold","scoring","vectorized",32,3.683e-05
57,"trueskill_p50","cold","scoring","vectorized",33,3.761e-05
57,"trueskill_p50","cold","scoring","vectorized",34,3.639e-05
57,"trueskill_p50","cold","scoring","vectorized",35,3.688e-05
57,"trueskill_p50","cold","scoring","vectorized",36,3.635e-05
57,"trueskill_p50","cold","scoring","vectorized",37,3.544e-05
57,"trueskill_p50","cold","scoring","vectorized",38,3.909e-05
57,"trueskill_p50","cold","scoring","vectorized",39,3.612e-05
57,"trueskill_p50","cold","scoring","vectorized",40,3.541e-05
57,"trueskill_p50","cold","scoring","vectorized",41,3.59e-05
57,"trueskill_p50","cold","scoring","vectorized",42,3.507e-05
57,"trueskill_p50","cold","scoring","vectorized",43,3.654e-05
57,"trueskill_p50","cold","scoring","vectorized",44,3.965e-05
57,"trueskill_p50","cold","scoring","vectorized",45,7.7471e-05
57,"trueskill_p50","cold","scoring","vectorized",46,6.641e-05
57,"trueskill_p50","cold","scoring","vectorized",47,6.181e-05
57,"trueskill_p50","cold","scoring","vectorized",48,3.972e-05
57,"trueskill_p50","cold","scoring","vectorized",49,3.719e-05
57,"trueskill_p50","cold","scoring","vectorized",50,3.633e-05
57,"trueskill_p50","cold","scoring","vectorized",51,3.888e-05
57,"trueskill_p50","cold","scoring","vectorized",52,3.68e-05
57,"trueskill_p50","cold","scoring","vectorized",53,3.746e-05
57,"trueskill_p50","cold","scoring","vectorized",54,3.771e-05
57,"trueskill_p50","cold","scoring","vectorized",55,3.663e-05
57,"trueskill_p50","cold","scoring","vectorized",56,3.833e-05
57,"trueskill_p50","cold","scoring","vectorized",57,3.989e-05
57,"trueskill_p50","cold","scoring","vectorized",58,5.292e-05
57,"trueskill_p50","cold","scoring","vectorized",59,4.689e-05
57,"trueskill_p50","cold","scoring","vectorized",60,4.155e-05
57,"trueskill_p50","cold","scoring","vectorized",61,3.883e-05
57,"trueskill_p50","cold","scoring","vectorized",62,3.835e-05
57,"trueskill_p50","cold","scoring","vectorized",63,3.856e-05
57,"trueskill_p50","cold","scoring","vectorized",64,3.8741e-05
57,"trueskill_p50","cold","scoring","vectorized",65,4.515e-05
57,"trueskill_p50","cold","scoring","vectorized",66,4.111e-05
57,"trueskill_p50","cold","scoring","vectorized",67,3.964e-05
57,"trueskill_p50","cold","scoring","vectorized",68,3.684e-05
57,"trueskill_p50","cold","scoring","vectorized",69,3.724e-05
57,"trueskill_p50","cold","scoring","vectorized",70,3.834e-05
57,"trueskill_p50","cold","scoring","vectorized",71,3.576e-05
57,"trueskill_p50","cold","scoring","vectorized",72,3.778e-05
57,"trueskill_p50","cold","scoring","vectorized",73,4.557e-05
57,"trueskill_p50","cold","scoring","vectorized",74,6.109e-05
57,"trueskill_p50","cold","scoring","vectorized",75,4.323e-05
57,"trueskill_p50","cold","scoring","vectorized",76,5.076e-05
57,"trueskill_p50","cold","scoring","vectorized",77,3.651e-05
57,"trueskill_p50","cold","scoring","vectorized",78,3.579e-05
57,"trueskill_p50","cold","scoring","vectorized",79,3.681e-05
57,"trueskill_p50","cold","scoring","vectorized",80,3.953e-05
57,"trueskill_p50","cold","scoring","vectorized",81,3.652e-05
57,"trueskill_p50","cold","scoring","vectorized",82,3.614e-05
57,"trueskill_p50","cold","scoring","vectorized",83,3.6991e-05
57,"trueskill_p50","cold","scoring","vectorized",84,3.688e-05
57,"trueskill_p50","cold","scoring","vectorized",85,3.634e-05
57,"trueskill_p50","cold","scoring","vectorized",86,3.76e-05
57,"trueskill_p50","cold","scoring","vectorized",87,4.574e-05
57,"trueskill_p50","cold","scoring","vectorized",88,4.718e-05
57,"trueskill_p50","cold","scoring","vectorized",89,3.903e-05
57,"trueskill_p50","cold","scoring","vectorized",90,4.403e-05
57,"trueskill_p50","cold","scoring","vectorized",91,4.154e-05
57,"trueskill_p50","cold","scoring","vectorized",92,4.139e-05
57,"trueskill_p50","cold","scoring","vectorized",93,4.416e-05
57,"trueskill_p50","cold","scoring","vectorized",94,3.581e-05
57,"trueskill_p50","cold","scoring","vectorized",95,3.63e-05
57,"trueskill_p50","cold","scoring","vectorized",96,3.626e-05
57,"trueskill_p50","cold","scoring","vectorized",97,3.63e-05
57,"trueskill_p50","cold","scoring","vectorized",98,3.523e-05
57,"trueskill_p50","cold","scoring","vectorized",99,4.098e-05
57,"trueskill_p50","cold","scoring","vectorized",100,3.502e-05
57,"trueskill_p50","cold","selection","scalar",1,0.006746664
57,"trueskill_p50","cold","selection","scalar",2,0.005856424
57,"trueskill_p50","cold","selection","scalar",3,0.005610403
57,"trueskill_p50","cold","selection","scalar",4,0.005944473
57,"trueskill_p50","cold","selection","scalar",5,0.005660983
57,"trueskill_p50","cold","selection","scalar",6,0.007346385
57,"trueskill_p50","cold","selection","scalar",7,0.005757014
57,"trueskill_p50","cold","selection","scalar",8,0.005792413
57,"trueskill_p50","cold","selection","scalar",9,0.005823683
57,"trueskill_p50","cold","selection","scalar",10,0.006669695
57,"trueskill_p50","cold","selection","scalar",11,0.005587843
57,"trueskill_p50","cold","selection","scalar",12,0.005596464
57,"trueskill_p50","cold","selection","scalar",13,0.005637313
57,"trueskill_p50","cold","selection","scalar",14,0.005745823
57,"trueskill_p50","cold","selection","scalar",15,0.006883094
57,"trueskill_p50","cold","selection","scalar",16,0.005622634
57,"trueskill_p50","cold","selection","scalar",17,0.005682253
57,"trueskill_p50","cold","selection","scalar",18,0.010292446
57,"trueskill_p50","cold","selection","scalar",19,0.005905083
57,"trueskill_p50","cold","selection","scalar",20,0.006596764
57,"trueskill_p50","cold","selection","scalar",21,0.005634114
57,"trueskill_p50","cold","selection","scalar",22,0.006338484
57,"trueskill_p50","cold","selection","scalar",23,0.006410504
57,"trueskill_p50","cold","selection","scalar",24,0.006391004
57,"trueskill_p50","cold","selection","scalar",25,0.005993163
57,"trueskill_p50","cold","selection","scalar",26,0.005742213
57,"trueskill_p50","cold","selection","scalar",27,0.010793957
57,"trueskill_p50","cold","selection","scalar",28,0.006187354
57,"trueskill_p50","cold","selection","scalar",29,0.005629334
57,"trueskill_p50","cold","selection","scalar",30,0.005588113
57,"trueskill_p50","cold","selection","vectorized",1,0.003746252
57,"trueskill_p50","cold","selection","vectorized",2,0.003571142
57,"trueskill_p50","cold","selection","vectorized",3,0.003524433
57,"trueskill_p50","cold","selection","vectorized",4,0.003662983
57,"trueskill_p50","cold","selection","vectorized",5,0.003801002
57,"trueskill_p50","cold","selection","vectorized",6,0.004937453
57,"trueskill_p50","cold","selection","vectorized",7,0.003568312
57,"trueskill_p50","cold","selection","vectorized",8,0.003523743
57,"trueskill_p50","cold","selection","vectorized",9,0.009972746
57,"trueskill_p50","cold","selection","vectorized",10,0.003532642
57,"trueskill_p50","cold","selection","vectorized",11,0.003478532
57,"trueskill_p50","cold","selection","vectorized",12,0.003469242
57,"trueskill_p50","cold","selection","vectorized",13,0.003533083
57,"trueskill_p50","cold","selection","vectorized",14,0.004250493
57,"trueskill_p50","cold","selection","vectorized",15,0.003482242
57,"trueskill_p50","cold","selection","vectorized",16,0.003531832
57,"trueskill_p50","cold","selection","vectorized",17,0.003490423
57,"trueskill_p50","cold","selection","vectorized",18,0.004477203
57,"trueskill_p50","cold","selection","vectorized",19,0.003839773
57,"trueskill_p50","cold","selection","vectorized",20,0.003594382
57,"trueskill_p50","cold","selection","vectorized",21,0.003443642
57,"trueskill_p50","cold","selection","vectorized",22,0.003495272
57,"trueskill_p50","cold","selection","vectorized",23,0.004392853
57,"trueskill_p50","cold","selection","vectorized",24,0.003480862
57,"trueskill_p50","cold","selection","vectorized",25,0.003576833
57,"trueskill_p50","cold","selection","vectorized",26,0.003544952
57,"trueskill_p50","cold","selection","vectorized",27,0.003490492
57,"trueskill_p50","cold","selection","vectorized",28,0.003476972
57,"trueskill_p50","cold","selection","vectorized",29,0.003552352
57,"trueskill_p50","cold","selection","vectorized",30,0.003471733
57,"trueskill_p50","cold","trajectory","scalar",1,5.588
57,"trueskill_p50","cold","trajectory","vectorized",1,5.339
57,"trueskill_p50","cold","trajectory","vectorized",2,5.39
57,"trueskill_p50","cold","trajectory","scalar",2,5.496
57,"trueskill_p50","cold","trajectory","scalar",3,5.608
57,"trueskill_p50","cold","trajectory","vectorized",3,5.379
57,"trueskill_pollitt","cold","scoring","scalar",1,0.002351832
57,"trueskill_pollitt","cold","scoring","scalar",2,0.002055371
57,"trueskill_pollitt","cold","scoring","scalar",3,0.002048781
57,"trueskill_pollitt","cold","scoring","scalar",4,0.002009521
57,"trueskill_pollitt","cold","scoring","scalar",5,0.002007812
57,"trueskill_pollitt","cold","scoring","scalar",6,0.001957281
57,"trueskill_pollitt","cold","scoring","scalar",7,0.001950961
57,"trueskill_pollitt","cold","scoring","scalar",8,0.001966541
57,"trueskill_pollitt","cold","scoring","scalar",9,0.001986472
57,"trueskill_pollitt","cold","scoring","scalar",10,0.001944251
57,"trueskill_pollitt","cold","scoring","scalar",11,0.001992451
57,"trueskill_pollitt","cold","scoring","scalar",12,0.002069381
57,"trueskill_pollitt","cold","scoring","scalar",13,0.001961442
57,"trueskill_pollitt","cold","scoring","scalar",14,0.002021231
57,"trueskill_pollitt","cold","scoring","scalar",15,0.002346721
57,"trueskill_pollitt","cold","scoring","scalar",16,0.002971122
57,"trueskill_pollitt","cold","scoring","scalar",17,0.002847682
57,"trueskill_pollitt","cold","scoring","scalar",18,0.003149082
57,"trueskill_pollitt","cold","scoring","scalar",19,0.002554012
57,"trueskill_pollitt","cold","scoring","scalar",20,0.002413121
57,"trueskill_pollitt","cold","scoring","scalar",21,0.002761312
57,"trueskill_pollitt","cold","scoring","scalar",22,0.002282811
57,"trueskill_pollitt","cold","scoring","scalar",23,0.002533551
57,"trueskill_pollitt","cold","scoring","scalar",24,0.002352932
57,"trueskill_pollitt","cold","scoring","scalar",25,0.002126391
57,"trueskill_pollitt","cold","scoring","scalar",26,0.002064461
57,"trueskill_pollitt","cold","scoring","scalar",27,0.002480732
57,"trueskill_pollitt","cold","scoring","scalar",28,0.002198031
57,"trueskill_pollitt","cold","scoring","scalar",29,0.007186595
57,"trueskill_pollitt","cold","scoring","scalar",30,0.002034601
57,"trueskill_pollitt","cold","scoring","scalar",31,0.002012701
57,"trueskill_pollitt","cold","scoring","scalar",32,0.001988151
57,"trueskill_pollitt","cold","scoring","scalar",33,0.001982301
57,"trueskill_pollitt","cold","scoring","scalar",34,0.001979281
57,"trueskill_pollitt","cold","scoring","scalar",35,0.001963541
57,"trueskill_pollitt","cold","scoring","scalar",36,0.001971951
57,"trueskill_pollitt","cold","scoring","scalar",37,0.002014392
57,"trueskill_pollitt","cold","scoring","scalar",38,0.002001701
57,"trueskill_pollitt","cold","scoring","scalar",39,0.001965211
57,"trueskill_pollitt","cold","scoring","scalar",40,0.002069372
57,"trueskill_pollitt","cold","scoring","scalar",41,0.002068721
57,"trueskill_pollitt","cold","scoring","scalar",42,0.001963311
57,"trueskill_pollitt","cold","scoring","scalar",43,0.002131131
57,"trueskill_pollitt","cold","scoring","scalar",44,0.002455082
57,"trueskill_pollitt","cold","scoring","scalar",45,0.002879572
57,"trueskill_pollitt","cold","scoring","scalar",46,0.002745322
57,"trueskill_pollitt","cold","scoring","scalar",47,0.002204561
57,"trueskill_pollitt","cold","scoring","scalar",48,0.002015491
57,"trueskill_pollitt","cold","scoring","scalar",49,0.001992651
57,"trueskill_pollitt","cold","scoring","scalar",50,0.002004582
57,"trueskill_pollitt","cold","scoring","scalar",51,0.002038231
57,"trueskill_pollitt","cold","scoring","scalar",52,0.002067331
57,"trueskill_pollitt","cold","scoring","scalar",53,0.002015892
57,"trueskill_pollitt","cold","scoring","scalar",54,0.002021851
57,"trueskill_pollitt","cold","scoring","scalar",55,0.002274431
57,"trueskill_pollitt","cold","scoring","scalar",56,0.002059492
57,"trueskill_pollitt","cold","scoring","scalar",57,0.002043191
57,"trueskill_pollitt","cold","scoring","scalar",58,0.006682444
57,"trueskill_pollitt","cold","scoring","scalar",59,0.002020711
57,"trueskill_pollitt","cold","scoring","scalar",60,0.002030052
57,"trueskill_pollitt","cold","scoring","scalar",61,0.001980471
57,"trueskill_pollitt","cold","scoring","scalar",62,0.001979701
57,"trueskill_pollitt","cold","scoring","scalar",63,0.001971571
57,"trueskill_pollitt","cold","scoring","scalar",64,0.001957012
57,"trueskill_pollitt","cold","scoring","scalar",65,0.001968721
57,"trueskill_pollitt","cold","scoring","scalar",66,0.001994171
57,"trueskill_pollitt","cold","scoring","scalar",67,0.001957401
57,"trueskill_pollitt","cold","scoring","scalar",68,0.001976402
57,"trueskill_pollitt","cold","scoring","scalar",69,0.002123191
57,"trueskill_pollitt","cold","scoring","scalar",70,0.002151051
57,"trueskill_pollitt","cold","scoring","scalar",71,0.001980412
57,"trueskill_pollitt","cold","scoring","scalar",72,0.002222381
57,"trueskill_pollitt","cold","scoring","scalar",73,0.002693652
57,"trueskill_pollitt","cold","scoring","scalar",74,0.002736871
57,"trueskill_pollitt","cold","scoring","scalar",75,0.002695392
57,"trueskill_pollitt","cold","scoring","scalar",76,0.002060461
57,"trueskill_pollitt","cold","scoring","scalar",77,0.002004602
57,"trueskill_pollitt","cold","scoring","scalar",78,0.002004181
57,"trueskill_pollitt","cold","scoring","scalar",79,0.002008381
57,"trueskill_pollitt","cold","scoring","scalar",80,0.002064681
57,"trueskill_pollitt","cold","scoring","scalar",81,0.002028342
57,"trueskill_pollitt","cold","scoring","scalar",82,0.002025831
57,"trueskill_pollitt","cold","scoring","scalar",83,0.002232411
57,"trueskill_pollitt","cold","scoring","scalar",84,0.002503712
57,"trueskill_pollitt","cold","scoring","scalar",85,0.002551362
57,"trueskill_pollitt","cold","scoring","scalar",86,0.006465494
57,"trueskill_pollitt","cold","scoring","scalar",87,0.002177241
57,"trueskill_pollitt","cold","scoring","scalar",88,0.002000931
57,"trueskill_pollitt","cold","scoring","scalar",89,0.001998662
57,"trueskill_pollitt","cold","scoring","scalar",90,0.001974601
57,"trueskill_pollitt","cold","scoring","scalar",91,0.001989341
57,"trueskill_pollitt","cold","scoring","scalar",92,0.001965701
57,"trueskill_pollitt","cold","scoring","scalar",93,0.002105142
57,"trueskill_pollitt","cold","scoring","scalar",94,0.001965311
57,"trueskill_pollitt","cold","scoring","scalar",95,0.002007411
57,"trueskill_pollitt","cold","scoring","scalar",96,0.001957081
57,"trueskill_pollitt","cold","scoring","scalar",97,0.002058432
57,"trueskill_pollitt","cold","scoring","scalar",98,0.002076971
57,"trueskill_pollitt","cold","scoring","scalar",99,0.001996061
57,"trueskill_pollitt","cold","scoring","scalar",100,0.002101592
57,"trueskill_pollitt","cold","scoring","vectorized",1,7.896e-05
57,"trueskill_pollitt","cold","scoring","vectorized",2,5.708e-05
57,"trueskill_pollitt","cold","scoring","vectorized",3,5.294e-05
57,"trueskill_pollitt","cold","scoring","vectorized",4,4.709e-05
57,"trueskill_pollitt","cold","scoring","vectorized",5,4.59e-05
57,"trueskill_pollitt","cold","scoring","vectorized",6,4.142e-05
57,"trueskill_pollitt","cold","scoring","vectorized",7,3.93e-05
57,"trueskill_pollitt","cold","scoring","vectorized",8,3.911e-05
57,"trueskill_pollitt","cold","scoring","vectorized",9,3.738e-05
57,"trueskill_pollitt","cold","scoring","vectorized",10,3.757e-05
57,"trueskill_pollitt","cold","scoring","vectorized",11,3.821e-05
57,"trueskill_pollitt","cold","scoring","vectorized",12,3.686e-05
57,"trueskill_pollitt","cold","scoring","vectorized",13,3.613e-05
57,"trueskill_pollitt","cold","scoring","vectorized",14,3.738e-05
57,"trueskill_pollitt","cold","scoring","vectorized",15,4.913e-05
57,"trueskill_pollitt","cold","scoring","vectorized",16,5.969e-05
57,"trueskill_pollitt","cold","scoring","vectorized",17,6.541e-05
57,"trueskill_pollitt","cold","scoring","vectorized",18,7.693e-05
57,"trueskill_pollitt","cold","scoring","vectorized",19,6.079e-05
57,"trueskill_pollitt","cold","scoring","vectorized",20,5.558e-05
57,"trueskill_pollitt","cold","scoring","vectorized",21,5.484e-05
57,"trueskill_pollitt","cold","scoring","vectorized",22,6.0841e-05
57,"trueskill_pollitt","cold","scoring","vectorized",23,5.077e-05
57,"trueskill_pollitt","cold","scoring","vectorized",24,4.643e-05
57,"trueskill_pollitt","cold","scoring","vectorized",25,4.022e-05
57,"trueskill_pollitt","cold","scoring","vectorized",26,4.056e-05
57,"trueskill_pollitt","cold","scoring","vectorized",27,4.552e-05
57,"trueskill_pollitt","cold","scoring","vectorized",28,5.612e-05
57,"trueskill_pollitt","cold","scoring","vectorized",29,4.507e-05
57,"trueskill_pollitt","cold","scoring","vectorized",30,4.224e-05
57,"trueskill_pollitt","cold","scoring","vectorized",31,3.924e-05
57,"trueskill_pollitt","cold","scoring","vectorized",32,3.8951e-05
57,"trueskill_pollitt","cold","scoring","vectorized",33,3.691e-05
57,"trueskill_pollitt","cold","scoring","vectorized",34,3.689e-05
57,"trueskill_pollitt","cold","scoring","vectorized",35,3.671e-05
57,"trueskill_pollitt","cold","scoring","vectorized",36,3.622e-05
57,"trueskill_pollitt","cold","scoring","vectorized",37,3.768e-05
57,"trueskill_pollitt","cold","scoring","vectorized",38,3.794e-05
57,"trueskill_pollitt","cold","scoring","vectorized",39,3.489e-05
57,"trueskill_pollitt","cold","scoring","vectorized",40,4.378e-05
57,"trueskill_pollitt","cold","scoring","vectorized",41,3.599e-05
57,"trueskill_pollitt","cold","scoring","vectorized",42,3.647e-05
57,"trueskill_pollitt","cold","scoring","vectorized",43,3.854e-05
57,"trueskill_pollitt","cold","scoring","vectorized",44,5.022e-05
57,"trueskill_pollitt","cold","scoring","vectorized",45,4.13e-05
57,"trueskill_pollitt","cold","scoring","vectorized",46,4.362e-05
57,"trueskill_pollitt","cold","scoring","vectorized",47,3.832e-05
57,"trueskill_pollitt","cold","scoring","vectorized",48,3.535e-05
57,"trueskill_pollitt","cold","scoring","vectorized",49,3.649e-05
57,"trueskill_pollitt","cold","scoring","vectorized",50,3.578e-05
57,"trueskill_pollitt","cold","scoring","vectorized",51,3.707e-05
57,"trueskill_pollitt","cold","scoring","vectorized",52,3.743e-05
57,"trueskill_pollitt","cold","scoring","vectorized",53,3.774e-05
57,"trueskill_pollitt","cold","scoring","vectorized",54,3.693e-05
57,"trueskill_pollitt","cold","scoring","vectorized",55,4.339e-05
57,"trueskill_pollitt","cold","scoring","vectorized",56,4.175e-05
57,"trueskill_pollitt","cold","scoring","vectorized",57,3.982e-05
57,"trueskill_pollitt","cold","scoring","vectorized",58,4.389e-05
57,"trueskill_pollitt","cold","scoring","vectorized",59,4.123e-05
57,"trueskill_pollitt","cold","scoring","vectorized",60,4.08e-05
57,"trueskill_pollitt","cold","scoring","vectorized",61,3.786e-05
57,"trueskill_pollitt","cold","scoring","vectorized",62,3.708e-05
57,"trueskill_pollitt","cold","scoring","vectorized",63,3.749e-05
57,"trueskill_pollitt","cold","scoring","vectorized",64,3.594e-05
57,"trueskill_pollitt","cold","scoring","vectorized",65,3.557e-05
57,"trueskill_pollitt","cold","scoring","vectorized",66,3.716e-05
57,"trueskill_pollitt","cold","scoring","vectorized",67,3.507e-05
57,"trueskill_pollitt","cold","scoring","vectorized",68,3.671e-05
57,"trueskill_pollitt","cold","scoring","vectorized",69,3.724e-05
57,"trueskill_pollitt","cold","scoring","vectorized",70,4.035e-05
57,"trueskill_pollitt","cold","scoring","vectorized",71,3.802e-05
57,"trueskill_pollitt","cold","scoring","vectorized",72,3.888e-05
57,"trueskill_pollitt","cold","scoring","vectorized",73,5.549e-05
57,"trueskill_pollitt","cold","scoring","vectorized",74,4.537e-05
57,"trueskill_pollitt","cold","scoring","vectorized",75,3.711e-05
57,"trueskill_pollitt","cold","scoring","vectorized",76,3.736e-05
57,"trueskill_pollitt","cold","scoring","vectorized",77,3.614e-05
57,"trueskill_pollitt","cold","scoring","vectorized",78,3.657e-05
57,"trueskill_pollitt","cold","scoring","vectorized",79,3.612e-05
57,"trueskill_pollitt","cold","scoring","vectorized",80,3.649e-05
57,"trueskill_pollitt","cold","scoring","vectorized",81,3.603e-05
57,"trueskill_pollitt","cold","scoring","vectorized",82,3.593e-05
57,"trueskill_pollitt","cold","scoring","vectorized",83,5.61e-05
57,"trueskill_pollitt","cold","scoring","vectorized",84,4.769e-05
57,"trueskill_pollitt","cold","scoring","vectorized",85,4.971e-05
57,"trueskill_pollitt","cold","scoring","vectorized",86,4.828e-05
57,"trueskill_pollitt","cold","scoring","vectorized",87,4.117e-05
57,"trueskill_pollitt","cold","scoring","vectorized",88,4.109e-05
57,"trueskill_pollitt","cold","scoring","vectorized",89,4.025e-05
57,"trueskill_pollitt","cold","scoring","vectorized",90,3.969e-05
57,"trueskill_pollitt","cold","scoring","vectorized",91,3.86e-05
57,"trueskill_pollitt","cold","scoring","vectorized",92,3.773e-05
57,"trueskill_pollitt","cold","scoring","vectorized",93,4.283e-05
57,"trueskill_pollitt","cold","scoring","vectorized",94,3.819e-05
57,"trueskill_pollitt","cold","scoring","vectorized",95,3.725e-05
57,"trueskill_pollitt","cold","scoring","vectorized",96,3.7e-05
57,"trueskill_pollitt","cold","scoring","vectorized",97,4.078e-05
57,"trueskill_pollitt","cold","scoring","vectorized",98,3.684e-05
57,"trueskill_pollitt","cold","scoring","vectorized",99,3.868e-05
57,"trueskill_pollitt","cold","scoring","vectorized",100,4.477e-05
57,"trueskill_pollitt","cold","selection","scalar",1,0.006877055
57,"trueskill_pollitt","cold","selection","scalar",2,0.005751383
57,"trueskill_pollitt","cold","selection","scalar",3,0.005615403
57,"trueskill_pollitt","cold","selection","scalar",4,0.005938124
57,"trueskill_pollitt","cold","selection","scalar",5,0.006212354
57,"trueskill_pollitt","cold","selection","scalar",6,0.006568674
57,"trueskill_pollitt","cold","selection","scalar",7,0.005767594
57,"trueskill_pollitt","cold","selection","scalar",8,0.005875704
57,"trueskill_pollitt","cold","selection","scalar",9,0.005718823
57,"trueskill_pollitt","cold","selection","scalar",10,0.005625393
57,"trueskill_pollitt","cold","selection","scalar",11,0.005586314
57,"trueskill_pollitt","cold","selection","scalar",12,0.005711033
57,"trueskill_pollitt","cold","selection","scalar",13,0.005700443
57,"trueskill_pollitt","cold","selection","scalar",14,0.006909275
57,"trueskill_pollitt","cold","selection","scalar",15,0.005916194
57,"trueskill_pollitt","cold","selection","scalar",16,0.005748904
57,"trueskill_pollitt","cold","selection","scalar",17,0.005689383
57,"trueskill_pollitt","cold","selection","scalar",18,0.010488906
57,"trueskill_pollitt","cold","selection","scalar",19,0.005812184
57,"trueskill_pollitt","cold","selection","scalar",20,0.005610024
57,"trueskill_pollitt","cold","selection","scalar",21,0.005636023
57,"trueskill_pollitt","cold","selection","scalar",22,0.005689513
57,"trueskill_pollitt","cold","selection","scalar",23,0.007274965
57,"trueskill_pollitt","cold","selection","scalar",24,0.005685734
57,"trueskill_pollitt","cold","selection","scalar",25,0.005859604
57,"trueskill_pollitt","cold","selection","scalar",26,0.005843454
57,"trueskill_pollitt","cold","selection","scalar",27,0.010315466
57,"trueskill_pollitt","cold","selection","scalar",28,0.005618994
57,"trueskill_pollitt","cold","selection","scalar",29,0.005624854
57,"trueskill_pollitt","cold","selection","scalar",30,0.005717413
57,"trueskill_pollitt","cold","selection","vectorized",1,0.003796702
57,"trueskill_pollitt","cold","selection","vectorized",2,0.003591913
57,"trueskill_pollitt","cold","selection","vectorized",3,0.003515002
57,"trueskill_pollitt","cold","selection","vectorized",4,0.003578412
57,"trueskill_pollitt","cold","selection","vectorized",5,0.004507823
57,"trueskill_pollitt","cold","selection","vectorized",6,0.003638502
57,"trueskill_pollitt","cold","selection","vectorized",7,0.003614802
57,"trueskill_pollitt","cold","selection","vectorized",8,0.003601532
57,"trueskill_pollitt","cold","selection","vectorized",9,0.008204556
57,"trueskill_pollitt","cold","selection","vectorized",10,0.003465402
57,"trueskill_pollitt","cold","selection","vectorized",11,0.003519422
57,"trueskill_pollitt","cold","selection","vectorized",12,0.003513203
57,"trueskill_pollitt","cold","selection","vectorized",13,0.003581092
57,"trueskill_pollitt","cold","selection","vectorized",14,0.004304012
57,"trueskill_pollitt","cold","selection","vectorized",15,0.003514122
57,"trueskill_pollitt","cold","selection","vectorized",16,0.003643192
57,"trueskill_pollitt","cold","selection","vectorized",17,0.003543523
57,"trueskill_pollitt","cold","selection","vectorized",18,0.003630652
57,"trueskill_pollitt","cold","selection","vectorized",19,0.003519752
57,"trueskill_pollitt","cold","selection","vectorized",20,0.003577552
57,"trueskill_pollitt","cold","selection","vectorized",21,0.003613143
57,"trueskill_pollitt","cold","selection","vectorized",22,0.003785172
57,"trueskill_pollitt","cold","selection","vectorized",23,0.003903642
57,"trueskill_pollitt","cold","selection","vectorized",24,0.003564062
57,"trueskill_pollitt","cold","selection","vectorized",25,0.003618662
57,"trueskill_pollitt","cold","selection","vectorized",26,0.003557752
57,"trueskill_pollitt","cold","selection","vectorized",27,0.003493922
57,"trueskill_pollitt","cold","selection","vectorized",28,0.003460452
57,"trueskill_pollitt","cold","selection","vectorized",29,0.003484072
57,"trueskill_pollitt","cold","selection","vectorized",30,0.003596212
57,"trueskill_pollitt","cold","trajectory","scalar",1,5.58000000000001
57,"trueskill_pollitt","cold","trajectory","vectorized",1,5.349
57,"trueskill_pollitt","cold","trajectory","vectorized",2,5.379
57,"trueskill_pollitt","cold","trajectory","scalar",2,5.65600000000001
57,"trueskill_pollitt","cold","trajectory","scalar",3,5.53800000000001
57,"trueskill_pollitt","cold","trajectory","vectorized",3,5.38200000000001
57,"trueskill_p50","heterogeneous","scoring","scalar",1,0.002132601
57,"trueskill_p50","heterogeneous","scoring","scalar",2,0.002029972
57,"trueskill_p50","heterogeneous","scoring","scalar",3,0.001995221
57,"trueskill_p50","heterogeneous","scoring","scalar",4,0.001982791
57,"trueskill_p50","heterogeneous","scoring","scalar",5,0.002012961
57,"trueskill_p50","heterogeneous","scoring","scalar",6,0.001983842
57,"trueskill_p50","heterogeneous","scoring","scalar",7,0.001986061
57,"trueskill_p50","heterogeneous","scoring","scalar",8,0.001965021
57,"trueskill_p50","heterogeneous","scoring","scalar",9,0.001995911
57,"trueskill_p50","heterogeneous","scoring","scalar",10,0.001970882
57,"trueskill_p50","heterogeneous","scoring","scalar",11,0.001996671
57,"trueskill_p50","heterogeneous","scoring","scalar",12,0.002072561
57,"trueskill_p50","heterogeneous","scoring","scalar",13,0.001974471
57,"trueskill_p50","heterogeneous","scoring","scalar",14,0.002047452
57,"trueskill_p50","heterogeneous","scoring","scalar",15,0.002232841
57,"trueskill_p50","heterogeneous","scoring","scalar",16,0.002781142
57,"trueskill_p50","heterogeneous","scoring","scalar",17,0.002725942
57,"trueskill_p50","heterogeneous","scoring","scalar",18,0.002531881
57,"trueskill_p50","heterogeneous","scoring","scalar",19,0.002066371
57,"trueskill_p50","heterogeneous","scoring","scalar",20,0.002056701
57,"trueskill_p50","heterogeneous","scoring","scalar",21,0.002077521
57,"trueskill_p50","heterogeneous","scoring","scalar",22,0.002067101
57,"trueskill_p50","heterogeneous","scoring","scalar",23,0.002101872
57,"trueskill_p50","heterogeneous","scoring","scalar",24,0.002058811
57,"trueskill_p50","heterogeneous","scoring","scalar",25,0.002055611
57,"trueskill_p50","heterogeneous","scoring","scalar",26,0.002051352
57,"trueskill_p50","heterogeneous","scoring","scalar",27,0.002042911
57,"trueskill_p50","heterogeneous","scoring","scalar",28,0.002075541
57,"trueskill_p50","heterogeneous","scoring","scalar",29,0.006368974
57,"trueskill_p50","heterogeneous","scoring","scalar",30,0.002004701
57,"trueskill_p50","heterogeneous","scoring","scalar",31,0.001995842
57,"trueskill_p50","heterogeneous","scoring","scalar",32,0.001984551
57,"trueskill_p50","heterogeneous","scoring","scalar",33,0.001973931
57,"trueskill_p50","heterogeneous","scoring","scalar",34,0.002096262
57,"trueskill_p50","heterogeneous","scoring","scalar",35,0.001988971
57,"trueskill_p50","heterogeneous","scoring","scalar",36,0.001987021
57,"trueskill_p50","heterogeneous","scoring","scalar",37,0.001984071
57,"trueskill_p50","heterogeneous","scoring","scalar",38,0.001988932
57,"trueskill_p50","heterogeneous","scoring","scalar",39,0.001965841
57,"trueskill_p50","heterogeneous","scoring","scalar",40,0.002031631
57,"trueskill_p50","heterogeneous","scoring","scalar",41,0.002052621
57,"trueskill_p50","heterogeneous","scoring","scalar",42,0.001963752
57,"trueskill_p50","heterogeneous","scoring","scalar",43,0.002175251
57,"trueskill_p50","heterogeneous","scoring","scalar",44,0.002491182
57,"trueskill_p50","heterogeneous","scoring","scalar",45,0.002835031
57,"trueskill_p50","heterogeneous","scoring","scalar",46,0.002745562
57,"trueskill_p50","heterogeneous","scoring","scalar",47,0.002201451
57,"trueskill_p50","heterogeneous","scoring","scalar",48,0.002039711
57,"trueskill_p50","heterogeneous","scoring","scalar",49,0.002017411
57,"trueskill_p50","heterogeneous","scoring","scalar",50,0.002022031
57,"trueskill_p50","heterogeneous","scoring","scalar",51,0.002065722
57,"trueskill_p50","heterogeneous","scoring","scalar",52,0.002089761
57,"trueskill_p50","heterogeneous","scoring","scalar",53,0.002010351
57,"trueskill_p50","heterogeneous","scoring","scalar",54,0.002032862
57,"trueskill_p50","heterogeneous","scoring","scalar",55,0.002029341
57,"trueskill_p50","heterogeneous","scoring","scalar",56,0.002029181
57,"trueskill_p50","heterogeneous","scoring","scalar",57,0.002029181
57,"trueskill_p50","heterogeneous","scoring","scalar",58,0.006676835
57,"trueskill_p50","heterogeneous","scoring","scalar",59,0.002006541
57,"trueskill_p50","heterogeneous","scoring","scalar",60,0.001983731
57,"trueskill_p50","heterogeneous","scoring","scalar",61,0.001979631
57,"trueskill_p50","heterogeneous","scoring","scalar",62,0.002112042
57,"trueskill_p50","heterogeneous","scoring","scalar",63,0.001971561
57,"trueskill_p50","heterogeneous","scoring","scalar",64,0.001988381
57,"trueskill_p50","heterogeneous","scoring","scalar",65,0.001986491
57,"trueskill_p50","heterogeneous","scoring","scalar",66,0.002010812
57,"trueskill_p50","heterogeneous","scoring","scalar",67,0.001958921
57,"trueskill_p50","heterogeneous","scoring","scalar",68,0.001989421
57,"trueskill_p50","heterogeneous","scoring","scalar",69,0.002101081
57,"trueskill_p50","heterogeneous","scoring","scalar",70,0.002001221
57,"trueskill_p50","heterogeneous","scoring","scalar",71,0.001966601
57,"trueskill_p50","heterogeneous","scoring","scalar",72,0.002270681
57,"trueskill_p50","heterogeneous","scoring","scalar",73,0.003084402
57,"trueskill_p50","heterogeneous","scoring","scalar",74,0.002761462
57,"trueskill_p50","heterogeneous","scoring","scalar",75,0.002718292
57,"trueskill_p50","heterogeneous","scoring","scalar",76,0.002025341
57,"trueskill_p50","heterogeneous","scoring","scalar",77,0.002012271
57,"trueskill_p50","heterogeneous","scoring","scalar",78,0.002007942
57,"trueskill_p50","heterogeneous","scoring","scalar",79,0.002010521
57,"trueskill_p50","heterogeneous","scoring","scalar",80,0.002104811
57,"trueskill_p50","heterogeneous","scoring","scalar",81,0.002041712
57,"trueskill_p50","heterogeneous","scoring","scalar",82,0.002031691
57,"trueskill_p50","heterogeneous","scoring","scalar",83,0.002017671
57,"trueskill_p50","heterogeneous","scoring","scalar",84,0.002014131
57,"trueskill_p50","heterogeneous","scoring","scalar",85,0.002006672
57,"trueskill_p50","heterogeneous","scoring","scalar",86,0.006443724
57,"trueskill_p50","heterogeneous","scoring","scalar",87,0.002163061
57,"trueskill_p50","heterogeneous","scoring","scalar",88,0.001999801
57,"trueskill_p50","heterogeneous","scoring","scalar",89,0.001970042
57,"trueskill_p50","heterogeneous","scoring","scalar",90,0.001972671
57,"trueskill_p50","heterogeneous","scoring","scalar",91,0.001955291
57,"trueskill_p50","heterogeneous","scoring","scalar",92,0.001954271
57,"trueskill_p50","heterogeneous","scoring","scalar",93,0.001954371
57,"trueskill_p50","heterogeneous","scoring","scalar",94,0.001957221
57,"trueskill_p50","heterogeneous","scoring","scalar",95,0.001974571
57,"trueskill_p50","heterogeneous","scoring","scalar",96,0.001929771
57,"trueskill_p50","heterogeneous","scoring","scalar",97,0.001999101
57,"trueskill_p50","heterogeneous","scoring","scalar",98,0.002068912
57,"trueskill_p50","heterogeneous","scoring","scalar",99,0.001951181
57,"trueskill_p50","heterogeneous","scoring","scalar",100,0.002071811
57,"trueskill_p50","heterogeneous","scoring","vectorized",1,6.749e-05
57,"trueskill_p50","heterogeneous","scoring","vectorized",2,5.644e-05
57,"trueskill_p50","heterogeneous","scoring","vectorized",3,4.583e-05
57,"trueskill_p50","heterogeneous","scoring","vectorized",4,4.963e-05
57,"trueskill_p50","heterogeneous","scoring","vectorized",5,4.267e-05
57,"trueskill_p50","heterogeneous","scoring","vectorized",6,4.022e-05
57,"trueskill_p50","heterogeneous","scoring","vectorized",7,4.055e-05
57,"trueskill_p50","heterogeneous","scoring","vectorized",8,3.83e-05
57,"trueskill_p50","heterogeneous","scoring","vectorized",9,3.776e-05
57,"trueskill_p50","heterogeneous","scoring","vectorized",10,3.678e-05
57,"trueskill_p50","heterogeneous","scoring","vectorized",11,3.708e-05
57,"trueskill_p50","heterogeneous","scoring","vectorized",12,3.918e-05
57,"trueskill_p50","heterogeneous","scoring","vectorized",13,3.814e-05
57,"trueskill_p50","heterogeneous","scoring","vectorized",14,4.425e-05
57,"trueskill_p50","heterogeneous","scoring","vectorized",15,4.429e-05
57,"trueskill_p50","heterogeneous","scoring","vectorized",16,5.236e-05
57,"trueskill_p50","heterogeneous","scoring","vectorized",17,5.477e-05
57,"trueskill_p50","heterogeneous","scoring","vectorized",18,4.2e-05
57,"trueskill_p50","heterogeneous","scoring","vectorized",19,3.9871e-05
57,"trueskill_p50","heterogeneous","scoring","vectorized",20,4.036e-05
57,"trueskill_p50","heterogeneous","scoring","vectorized",21,4.17e-05
57,"trueskill_p50","heterogeneous","scoring","vectorized",22,3.998e-05
57,"trueskill_p50","heterogeneous","scoring","vectorized",23,3.875e-05
57,"trueskill_p50","heterogeneous","scoring","vectorized",24,3.923e-05
57,"trueskill_p50","heterogeneous","scoring","vectorized",25,3.92e-05
57,"trueskill_p50","heterogeneous","scoring","vectorized",26,3.894e-05
57,"trueskill_p50","heterogeneous","scoring","vectorized",27,3.877e-05
57,"trueskill_p50","heterogeneous","scoring","vectorized",28,3.819e-05
57,"trueskill_p50","heterogeneous","scoring","vectorized",29,4.229e-05
57,"trueskill_p50","heterogeneous","scoring","vectorized",30,4.208e-05
57,"trueskill_p50","heterogeneous","scoring","vectorized",31,4.182e-05
57,"trueskill_p50","heterogeneous","scoring","vectorized",32,3.864e-05
57,"trueskill_p50","heterogeneous","scoring","vectorized",33,3.776e-05
57,"trueskill_p50","heterogeneous","scoring","vectorized",34,4.218e-05
57,"trueskill_p50","heterogeneous","scoring","vectorized",35,3.998e-05
57,"trueskill_p50","heterogeneous","scoring","vectorized",36,3.883e-05
57,"trueskill_p50","heterogeneous","scoring","vectorized",37,4.123e-05
57,"trueskill_p50","heterogeneous","scoring","vectorized",38,3.786e-05
57,"trueskill_p50","heterogeneous","scoring","vectorized",39,3.676e-05
57,"trueskill_p50","heterogeneous","scoring","vectorized",40,3.804e-05
57,"trueskill_p50","heterogeneous","scoring","vectorized",41,3.909e-05
57,"trueskill_p50","heterogeneous","scoring","vectorized",42,3.83e-05
57,"trueskill_p50","heterogeneous","scoring","vectorized",43,3.908e-05
57,"trueskill_p50","heterogeneous","scoring","vectorized",44,5.267e-05
57,"trueskill_p50","heterogeneous","scoring","vectorized",45,3.821e-05
57,"trueskill_p50","heterogeneous","scoring","vectorized",46,4.02e-05
57,"trueskill_p50","heterogeneous","scoring","vectorized",47,3.9421e-05
57,"trueskill_p50","heterogeneous","scoring","vectorized",48,3.865e-05
57,"trueskill_p50","heterogeneous","scoring","vectorized",49,3.812e-05
57,"trueskill_p50","heterogeneous","scoring","vectorized",50,3.735e-05
57,"trueskill_p50","heterogeneous","scoring","vectorized",51,4.395e-05
57,"trueskill_p50","heterogeneous","scoring","vectorized",52,3.814e-05
57,"trueskill_p50","heterogeneous","scoring","vectorized",53,3.695e-05
57,"trueskill_p50","heterogeneous","scoring","vectorized",54,3.771e-05
57,"trueskill_p50","heterogeneous","scoring","vectorized",55,3.733e-05
57,"trueskill_p50","heterogeneous","scoring","vectorized",56,3.63e-05
57,"trueskill_p50","heterogeneous","scoring","vectorized",57,3.976e-05
57,"trueskill_p50","heterogeneous","scoring","vectorized",58,4.382e-05
57,"trueskill_p50","heterogeneous","scoring","vectorized",59,4.338e-05
57,"trueskill_p50","heterogeneous","scoring","vectorized",60,3.943e-05
57,"trueskill_p50","heterogeneous","scoring","vectorized",61,3.86e-05
57,"trueskill_p50","heterogeneous","scoring","vectorized",62,4.243e-05
57,"trueskill_p50","heterogeneous","scoring","vectorized",63,3.921e-05
57,"trueskill_p50","heterogeneous","scoring","vectorized",64,4.134e-05
57,"trueskill_p50","heterogeneous","scoring","vectorized",65,3.864e-05
57,"trueskill_p50","heterogeneous","scoring","vectorized",66,3.871e-05
57,"trueskill_p50","heterogeneous","scoring","vectorized",67,3.733e-05
57,"trueskill_p50","heterogeneous","scoring","vectorized",68,3.764e-05
57,"trueskill_p50","heterogeneous","scoring","vectorized",69,3.8081e-05
57,"trueskill_p50","heterogeneous","scoring","vectorized",70,3.662e-05
57,"trueskill_p50","heterogeneous","scoring","vectorized",71,3.685e-05
57,"trueskill_p50","heterogeneous","scoring","vectorized",72,4.554e-05
57,"trueskill_p50","heterogeneous","scoring","vectorized",73,4.461e-05
57,"trueskill_p50","heterogeneous","scoring","vectorized",74,6.801e-05
57,"trueskill_p50","heterogeneous","scoring","vectorized",75,3.934e-05
57,"trueskill_p50","heterogeneous","scoring","vectorized",76,3.902e-05
57,"trueskill_p50","heterogeneous","scoring","vectorized",77,3.94e-05
57,"trueskill_p50","heterogeneous","scoring","vectorized",78,3.656e-05
57,"trueskill_p50","heterogeneous","scoring","vectorized",79,3.885e-05
57,"trueskill_p50","heterogeneous","scoring","vectorized",80,3.812e-05
57,"trueskill_p50","heterogeneous","scoring","vectorized",81,3.798e-05
57,"trueskill_p50","heterogeneous","scoring","vectorized",82,3.588e-05
57,"trueskill_p50","heterogeneous","scoring","vectorized",83,3.607e-05
57,"trueskill_p50","heterogeneous","scoring","vectorized",84,3.761e-05
57,"trueskill_p50","heterogeneous","scoring","vectorized",85,3.728e-05
57,"trueskill_p50","heterogeneous","scoring","vectorized",86,5.181e-05
57,"trueskill_p50","heterogeneous","scoring","vectorized",87,4.303e-05
57,"trueskill_p50","heterogeneous","scoring","vectorized",88,3.982e-05
57,"trueskill_p50","heterogeneous","scoring","vectorized",89,3.855e-05
57,"trueskill_p50","heterogeneous","scoring","vectorized",90,3.853e-05
57,"trueskill_p50","heterogeneous","scoring","vectorized",91,3.802e-05
57,"trueskill_p50","heterogeneous","scoring","vectorized",92,3.787e-05
57,"trueskill_p50","heterogeneous","scoring","vectorized",93,3.8061e-05
57,"trueskill_p50","heterogeneous","scoring","vectorized",94,3.622e-05
57,"trueskill_p50","heterogeneous","scoring","vectorized",95,3.584e-05
57,"trueskill_p50","heterogeneous","scoring","vectorized",96,3.659e-05
57,"trueskill_p50","heterogeneous","scoring","vectorized",97,3.959e-05
57,"trueskill_p50","heterogeneous","scoring","vectorized",98,3.854e-05
57,"trueskill_p50","heterogeneous","scoring","vectorized",99,3.827e-05
57,"trueskill_p50","heterogeneous","scoring","vectorized",100,3.926e-05
57,"trueskill_p50","heterogeneous","selection","scalar",1,0.007012154
57,"trueskill_p50","heterogeneous","selection","scalar",2,0.005696253
57,"trueskill_p50","heterogeneous","selection","scalar",3,0.005643564
57,"trueskill_p50","heterogeneous","selection","scalar",4,0.005754554
57,"trueskill_p50","heterogeneous","selection","scalar",5,0.006027294
57,"trueskill_p50","heterogeneous","selection","scalar",6,0.006594584
57,"trueskill_p50","heterogeneous","selection","scalar",7,0.005755643
57,"trueskill_p50","heterogeneous","selection","scalar",8,0.005793254
57,"trueskill_p50","heterogeneous","selection","scalar",9,0.005681464
57,"trueskill_p50","heterogeneous","selection","scalar",10,0.005695413
57,"trueskill_p50","heterogeneous","selection","scalar",11,0.005572043
57,"trueskill_p50","heterogeneous","selection","scalar",12,0.005588294
57,"trueskill_p50","heterogeneous","selection","scalar",13,0.005736823
57,"trueskill_p50","heterogeneous","selection","scalar",14,0.006758215
57,"trueskill_p50","heterogeneous","selection","scalar",15,0.005981654
57,"trueskill_p50","heterogeneous","selection","scalar",16,0.005933074
57,"trueskill_p50","heterogeneous","selection","scalar",17,0.005736114
57,"trueskill_p50","heterogeneous","selection","scalar",18,0.010320826
57,"trueskill_p50","heterogeneous","selection","scalar",19,0.005563264
57,"trueskill_p50","heterogeneous","selection","scalar",20,0.005543073
57,"trueskill_p50","heterogeneous","selection","scalar",21,0.005553903
57,"trueskill_p50","heterogeneous","selection","scalar",22,0.005643094
57,"trueskill_p50","heterogeneous","selection","scalar",23,0.007216064
57,"trueskill_p50","heterogeneous","selection","scalar",24,0.005679493
57,"trueskill_p50","heterogeneous","selection","scalar",25,0.005659163
57,"trueskill_p50","heterogeneous","selection","scalar",26,0.005669874
57,"trueskill_p50","heterogeneous","selection","scalar",27,0.009933406
57,"trueskill_p50","heterogeneous","selection","scalar",28,0.005569164
57,"trueskill_p50","heterogeneous","selection","scalar",29,0.005551483
57,"trueskill_p50","heterogeneous","selection","scalar",30,0.005626533
57,"trueskill_p50","heterogeneous","selection","vectorized",1,0.003725083
57,"trueskill_p50","heterogeneous","selection","vectorized",2,0.003546032
57,"trueskill_p50","heterogeneous","selection","vectorized",3,0.003481332
57,"trueskill_p50","heterogeneous","selection","vectorized",4,0.003460342
57,"trueskill_p50","heterogeneous","selection","vectorized",5,0.004433902
57,"trueskill_p50","heterogeneous","selection","vectorized",6,0.003584433
57,"trueskill_p50","heterogeneous","selection","vectorized",7,0.003570042
57,"trueskill_p50","heterogeneous","selection","vectorized",8,0.003528272
57,"trueskill_p50","heterogeneous","selection","vectorized",9,0.008319675
57,"trueskill_p50","heterogeneous","selection","vectorized",10,0.003481193
57,"trueskill_p50","heterogeneous","selection","vectorized",11,0.003487992
57,"trueskill_p50","heterogeneous","selection","vectorized",12,0.003458962
57,"trueskill_p50","heterogeneous","selection","vectorized",13,0.003521262
57,"trueskill_p50","heterogeneous","selection","vectorized",14,0.004262162
57,"trueskill_p50","heterogeneous","selection","vectorized",15,0.003491822
57,"trueskill_p50","heterogeneous","selection","vectorized",16,0.003631412
57,"trueskill_p50","heterogeneous","selection","vectorized",17,0.003551002
57,"trueskill_p50","heterogeneous","selection","vectorized",18,0.003448932
57,"trueskill_p50","heterogeneous","selection","vectorized",19,0.003440242
57,"trueskill_p50","heterogeneous","selection","vectorized",20,0.003438793
57,"trueskill_p50","heterogeneous","selection","vectorized",21,0.003530592
57,"trueskill_p50","heterogeneous","selection","vectorized",22,0.003660072
57,"trueskill_p50","heterogeneous","selection","vectorized",23,0.004092863
57,"trueskill_p50","heterogeneous","selection","vectorized",24,0.003475433
57,"trueskill_p50","heterogeneous","selection","vectorized",25,0.003537192
57,"trueskill_p50","heterogeneous","selection","vectorized",26,0.003548822
57,"trueskill_p50","heterogeneous","selection","vectorized",27,0.003487322
57,"trueskill_p50","heterogeneous","selection","vectorized",28,0.003427742
57,"trueskill_p50","heterogeneous","selection","vectorized",29,0.003489863
57,"trueskill_p50","heterogeneous","selection","vectorized",30,0.003557312
57,"trueskill_p50","heterogeneous","trajectory","scalar",1,5.41600000000001
57,"trueskill_p50","heterogeneous","trajectory","vectorized",1,5.37599999999999
57,"trueskill_p50","heterogeneous","trajectory","vectorized",2,5.30199999999999
57,"trueskill_p50","heterogeneous","trajectory","scalar",2,5.53
57,"trueskill_p50","heterogeneous","trajectory","scalar",3,5.434
57,"trueskill_p50","heterogeneous","trajectory","vectorized",3,5.295
57,"trueskill_pollitt","heterogeneous","scoring","scalar",1,0.002333711
57,"trueskill_pollitt","heterogeneous","scoring","scalar",2,0.002044181
57,"trueskill_pollitt","heterogeneous","scoring","scalar",3,0.002004332
57,"trueskill_pollitt","heterogeneous","scoring","scalar",4,0.001991201
57,"trueskill_pollitt","heterogeneous","scoring","scalar",5,0.001986941
57,"trueskill_pollitt","heterogeneous","scoring","scalar",6,0.001974051
57,"trueskill_pollitt","heterogeneous","scoring","scalar",7,0.001965562
57,"trueskill_pollitt","heterogeneous","scoring","scalar",8,0.002907651
57,"trueskill_pollitt","heterogeneous","scoring","scalar",9,0.002517402
57,"trueskill_pollitt","heterogeneous","scoring","scalar",10,0.002034701
57,"trueskill_pollitt","heterogeneous","scoring","scalar",11,0.002002522
57,"trueskill_pollitt","heterogeneous","scoring","scalar",12,0.002099521
57,"trueskill_pollitt","heterogeneous","scoring","scalar",13,0.002007401
57,"trueskill_pollitt","heterogeneous","scoring","scalar",14,0.002028271
57,"trueskill_pollitt","heterogeneous","scoring","scalar",15,0.002407372
57,"trueskill_pollitt","heterogeneous","scoring","scalar",16,0.003176732
57,"trueskill_pollitt","heterogeneous","scoring","scalar",17,0.002898962
57,"trueskill_pollitt","heterogeneous","scoring","scalar",18,0.002899212
57,"trueskill_pollitt","heterogeneous","scoring","scalar",19,0.002077251
57,"trueskill_pollitt","heterogeneous","scoring","scalar",20,0.002055591
57,"trueskill_pollitt","heterogeneous","scoring","scalar",21,0.002063862
57,"trueskill_pollitt","heterogeneous","scoring","scalar",22,0.002060001
57,"trueskill_pollitt","heterogeneous","scoring","scalar",23,0.002113831
57,"trueskill_pollitt","heterogeneous","scoring","scalar",24,0.002047752
57,"trueskill_pollitt","heterogeneous","scoring","scalar",25,0.002063171
57,"trueskill_pollitt","heterogeneous","scoring","scalar",26,0.002048711
57,"trueskill_pollitt","heterogeneous","scoring","scalar",27,0.002031961
57,"trueskill_pollitt","heterogeneous","scoring","scalar",28,0.002040782
57,"trueskill_pollitt","heterogeneous","scoring","scalar",29,0.006841004
57,"trueskill_pollitt","heterogeneous","scoring","scalar",30,0.001994771
57,"trueskill_pollitt","heterogeneous","scoring","scalar",31,0.002019352
57,"trueskill_pollitt","heterogeneous","scoring","scalar",32,0.001977871
57,"trueskill_pollitt","heterogeneous","scoring","scalar",33,0.001976931
57,"trueskill_pollitt","heterogeneous","scoring","scalar",34,0.001955961
57,"trueskill_pollitt","heterogeneous","scoring","scalar",35,0.001945171
57,"trueskill_pollitt","heterogeneous","scoring","scalar",36,0.001952211
57,"trueskill_pollitt","heterogeneous","scoring","scalar",37,0.001952311
57,"trueskill_pollitt","heterogeneous","scoring","scalar",38,0.001969671
57,"trueskill_pollitt","heterogeneous","scoring","scalar",39,0.001934101
57,"trueskill_pollitt","heterogeneous","scoring","scalar",40,0.002003722
57,"trueskill_pollitt","heterogeneous","scoring","scalar",41,0.002061221
57,"trueskill_pollitt","heterogeneous","scoring","scalar",42,0.001967331
57,"trueskill_pollitt","heterogeneous","scoring","scalar",43,0.002445992
57,"trueskill_pollitt","heterogeneous","scoring","scalar",44,0.002414171
57,"trueskill_pollitt","heterogeneous","scoring","scalar",45,0.002865862
57,"trueskill_pollitt","heterogeneous","scoring","scalar",46,0.002687872
57,"trueskill_pollitt","heterogeneous","scoring","scalar",47,0.002210561
57,"trueskill_pollitt","heterogeneous","scoring","scalar",48,0.002018471
57,"trueskill_pollitt","heterogeneous","scoring","scalar",49,0.001997101
57,"trueskill_pollitt","heterogeneous","scoring","scalar",50,0.001999061
57,"trueskill_pollitt","heterogeneous","scoring","scalar",51,0.002029511
57,"trueskill_pollitt","heterogeneous","scoring","scalar",52,0.002063762
57,"trueskill_pollitt","heterogeneous","scoring","scalar",53,0.002023771
57,"trueskill_pollitt","heterogeneous","scoring","scalar",54,0.002020841
57,"trueskill_pollitt","heterogeneous","scoring","scalar",55,0.002006461
57,"trueskill_pollitt","heterogeneous","scoring","scalar",56,0.002019622
57,"trueskill_pollitt","heterogeneous","scoring","scalar",57,0.002015531
57,"trueskill_pollitt","heterogeneous","scoring","scalar",58,0.006398834
57,"trueskill_pollitt","heterogeneous","scoring","scalar",59,0.002001171
57,"trueskill_pollitt","heterogeneous","scoring","scalar",60,0.001977711
57,"trueskill_pollitt","heterogeneous","scoring","scalar",61,0.001961841
57,"trueskill_pollitt","heterogeneous","scoring","scalar",62,0.001956681
57,"trueskill_pollitt","heterogeneous","scoring","scalar",63,0.001989191
57,"trueskill_pollitt","heterogeneous","scoring","scalar",64,0.001958641
57,"trueskill_pollitt","heterogeneous","scoring","scalar",65,0.001951132
57,"trueskill_pollitt","heterogeneous","scoring","scalar",66,0.001994131
57,"trueskill_pollitt","heterogeneous","scoring","scalar",67,0.001940921
57,"trueskill_pollitt","heterogeneous","scoring","scalar",68,0.001971151
57,"trueskill_pollitt","heterogeneous","scoring","scalar",69,0.002064882
57,"trueskill_pollitt","heterogeneous","scoring","scalar",70,0.001982451
57,"trueskill_pollitt","heterogeneous","scoring","scalar",71,0.001959161
57,"trueskill_pollitt","heterogeneous","scoring","scalar",72,0.002237832
57,"trueskill_pollitt","heterogeneous","scoring","scalar",73,0.003049512
57,"trueskill_pollitt","heterogeneous","scoring","scalar",74,0.002819801
57,"trueskill_pollitt","heterogeneous","scoring","scalar",75,0.002742512
57,"trueskill_pollitt","heterogeneous","scoring","scalar",76,0.002013211
57,"trueskill_pollitt","heterogeneous","scoring","scalar",77,0.002014042
57,"trueskill_pollitt","heterogeneous","scoring","scalar",78,0.001995821
57,"trueskill_pollitt","heterogeneous","scoring","scalar",79,0.002003301
57,"trueskill_pollitt","heterogeneous","scoring","scalar",80,0.002080641
57,"trueskill_pollitt","heterogeneous","scoring","scalar",81,0.002026811
57,"trueskill_pollitt","heterogeneous","scoring","scalar",82,0.002019171
57,"trueskill_pollitt","heterogeneous","scoring","scalar",83,0.002025141
57,"trueskill_pollitt","heterogeneous","scoring","scalar",84,0.002018362
57,"trueskill_pollitt","heterogeneous","scoring","scalar",85,0.002004731
57,"trueskill_pollitt","heterogeneous","scoring","scalar",86,0.006340644
57,"trueskill_pollitt","heterogeneous","scoring","scalar",87,0.002015631
57,"trueskill_pollitt","heterogeneous","scoring","scalar",88,0.002007911
57,"trueskill_pollitt","heterogeneous","scoring","scalar",89,0.001979591
57,"trueskill_pollitt","heterogeneous","scoring","scalar",90,0.001970491
57,"trueskill_pollitt","heterogeneous","scoring","scalar",91,0.001991181
57,"trueskill_pollitt","heterogeneous","scoring","scalar",92,0.001951431
57,"trueskill_pollitt","heterogeneous","scoring","scalar",93,0.001967822
57,"trueskill_pollitt","heterogeneous","scoring","scalar",94,0.001969561
57,"trueskill_pollitt","heterogeneous","scoring","scalar",95,0.001986321
57,"trueskill_pollitt","heterogeneous","scoring","scalar",96,0.001959781
57,"trueskill_pollitt","heterogeneous","scoring","scalar",97,0.002009652
57,"trueskill_pollitt","heterogeneous","scoring","scalar",98,0.002086891
57,"trueskill_pollitt","heterogeneous","scoring","scalar",99,0.001981891
57,"trueskill_pollitt","heterogeneous","scoring","scalar",100,0.002073612
57,"trueskill_pollitt","heterogeneous","scoring","vectorized",1,6.515e-05
57,"trueskill_pollitt","heterogeneous","scoring","vectorized",2,5.313e-05
57,"trueskill_pollitt","heterogeneous","scoring","vectorized",3,4.676e-05
57,"trueskill_pollitt","heterogeneous","scoring","vectorized",4,4.285e-05
57,"trueskill_pollitt","heterogeneous","scoring","vectorized",5,4.77e-05
57,"trueskill_pollitt","heterogeneous","scoring","vectorized",6,3.909e-05
57,"trueskill_pollitt","heterogeneous","scoring","vectorized",7,3.841e-05
57,"trueskill_pollitt","heterogeneous","scoring","vectorized",8,5.905e-05
57,"trueskill_pollitt","heterogeneous","scoring","vectorized",9,5.27e-05
57,"trueskill_pollitt","heterogeneous","scoring","vectorized",10,4.037e-05
57,"trueskill_pollitt","heterogeneous","scoring","vectorized",11,4.465e-05
57,"trueskill_pollitt","heterogeneous","scoring","vectorized",12,3.882e-05
57,"trueskill_pollitt","heterogeneous","scoring","vectorized",13,3.801e-05
57,"trueskill_pollitt","heterogeneous","scoring","vectorized",14,3.854e-05
57,"trueskill_pollitt","heterogeneous","scoring","vectorized",15,6.853e-05
57,"trueskill_pollitt","heterogeneous","scoring","vectorized",16,7.244e-05
57,"trueskill_pollitt","heterogeneous","scoring","vectorized",17,6.502e-05
57,"trueskill_pollitt","heterogeneous","scoring","vectorized",18,4.56e-05
57,"trueskill_pollitt","heterogeneous","scoring","vectorized",19,4.218e-05
57,"trueskill_pollitt","heterogeneous","scoring","vectorized",20,4.029e-05
57,"trueskill_pollitt","heterogeneous","scoring","vectorized",21,4.043e-05
57,"trueskill_pollitt","heterogeneous","scoring","vectorized",22,4.238e-05
57,"trueskill_pollitt","heterogeneous","scoring","vectorized",23,3.894e-05
57,"trueskill_pollitt","heterogeneous","scoring","vectorized",24,3.893e-05
57,"trueskill_pollitt","heterogeneous","scoring","vectorized",25,3.976e-05
57,"trueskill_pollitt","heterogeneous","scoring","vectorized",26,3.85e-05
57,"trueskill_pollitt","heterogeneous","scoring","vectorized",27,4.806e-05
57,"trueskill_pollitt","heterogeneous","scoring","vectorized",28,4.407e-05
57,"trueskill_pollitt","heterogeneous","scoring","vectorized",29,5.292e-05
57,"trueskill_pollitt","heterogeneous","scoring","vectorized",30,4.245e-05
57,"trueskill_pollitt","heterogeneous","scoring","vectorized",31,4.674e-05
57,"trueskill_pollitt","heterogeneous","scoring","vectorized",32,4.621e-05
57,"trueskill_pollitt","heterogeneous","scoring","vectorized",33,3.957e-05
57,"trueskill_pollitt","heterogeneous","scoring","vectorized",34,3.839e-05
57,"trueskill_pollitt","heterogeneous","scoring","vectorized",35,4.2011e-05
57,"trueskill_pollitt","heterogeneous","scoring","vectorized",36,4.231e-05
57,"trueskill_pollitt","heterogeneous","scoring","vectorized",37,3.968e-05
57,"trueskill_pollitt","heterogeneous","scoring","vectorized",38,4.161e-05
57,"trueskill_pollitt","heterogeneous","scoring","vectorized",39,4.285e-05
57,"trueskill_pollitt","heterogeneous","scoring","vectorized",40,4.151e-05
57,"trueskill_pollitt","heterogeneous","scoring","vectorized",41,3.916e-05
57,"trueskill_pollitt","heterogeneous","scoring","vectorized",42,3.604e-05
57,"trueskill_pollitt","heterogeneous","scoring","vectorized",43,4.425e-05
57,"trueskill_pollitt","heterogeneous","scoring","vectorized",44,6.043e-05
57,"trueskill_pollitt","heterogeneous","scoring","vectorized",45,4.393e-05
57,"trueskill_pollitt","heterogeneous","scoring","vectorized",46,5.107e-05
57,"trueskill_pollitt","heterogeneous","scoring","vectorized",47,4.237e-05
57,"trueskill_pollitt","heterogeneous","scoring","vectorized",48,3.7761e-05
57,"trueskill_pollitt","heterogeneous","scoring","vectorized",49,4.224e-05
57,"trueskill_pollitt","heterogeneous","scoring","vectorized",50,3.686e-05
57,"trueskill_pollitt","heterogeneous","scoring","vectorized",51,3.662e-05
57,"trueskill_pollitt","heterogeneous","scoring","vectorized",52,3.837e-05
57,"trueskill_pollitt","heterogeneous","scoring","vectorized",53,3.7e-05
57,"trueskill_pollitt","heterogeneous","scoring","vectorized",54,3.573e-05
57,"trueskill_pollitt","heterogeneous","scoring","vectorized",55,3.683e-05
57,"trueskill_pollitt","heterogeneous","scoring","vectorized",56,3.717e-05
57,"trueskill_pollitt","heterogeneous","scoring","vectorized",57,3.673e-05
57,"trueskill_pollitt","heterogeneous","scoring","vectorized",58,5.362e-05
57,"trueskill_pollitt","heterogeneous","scoring","vectorized",59,4.226e-05
57,"trueskill_pollitt","heterogeneous","scoring","vectorized",60,3.8771e-05
57,"trueskill_pollitt","heterogeneous","scoring","vectorized",61,4.003e-05
57,"trueskill_pollitt","heterogeneous","scoring","vectorized",62,3.834e-05
57,"trueskill_pollitt","heterogeneous","scoring","vectorized",63,3.874e-05
57,"trueskill_pollitt","heterogeneous","scoring","vectorized",64,3.731e-05
57,"trueskill_pollitt","heterogeneous","scoring","vectorized",65,4.271e-05
57,"trueskill_pollitt","heterogeneous","scoring","vectorized",66,3.814e-05
57,"trueskill_pollitt","heterogeneous","scoring","vectorized",67,3.659e-05
57,"trueskill_pollitt","heterogeneous","scoring","vectorized",68,3.884e-05
57,"trueskill_pollitt","heterogeneous","scoring","vectorized",69,4.114e-05
57,"trueskill_pollitt","heterogeneous","scoring","vectorized",70,3.785e-05
57,"trueskill_pollitt","heterogeneous","scoring","vectorized",71,3.778e-05
57,"trueskill_pollitt","heterogeneous","scoring","vectorized",72,8.911e-05
57,"trueskill_pollitt","heterogeneous","scoring","vectorized",73,5.785e-05
57,"trueskill_pollitt","heterogeneous","scoring","vectorized",74,4.384e-05
57,"trueskill_pollitt","heterogeneous","scoring","vectorized",75,4.038e-05
57,"trueskill_pollitt","heterogeneous","scoring","vectorized",76,4.025e-05
57,"trueskill_pollitt","heterogeneous","scoring","vectorized",77,3.885e-05
57,"trueskill_pollitt","heterogeneous","scoring","vectorized",78,3.783e-05
57,"trueskill_pollitt","heterogeneous","scoring","vectorized",79,3.807e-05
57,"trueskill_pollitt","heterogeneous","scoring","vectorized",80,3.6731e-05
57,"trueskill_pollitt","heterogeneous","scoring","vectorized",81,3.738e-05
57,"trueskill_pollitt","heterogeneous","scoring","vectorized",82,3.668e-05
57,"trueskill_pollitt","heterogeneous","scoring","vectorized",83,3.867e-05
57,"trueskill_pollitt","heterogeneous","scoring","vectorized",84,3.669e-05
57,"trueskill_pollitt","heterogeneous","scoring","vectorized",85,3.689e-05
57,"trueskill_pollitt","heterogeneous","scoring","vectorized",86,0.00024069
57,"trueskill_pollitt","heterogeneous","scoring","vectorized",87,4.15e-05
57,"trueskill_pollitt","heterogeneous","scoring","vectorized",88,3.9551e-05
57,"trueskill_pollitt","heterogeneous","scoring","vectorized",89,3.784e-05
57,"trueskill_pollitt","heterogeneous","scoring","vectorized",90,3.803e-05
57,"trueskill_pollitt","heterogeneous","scoring","vectorized",91,3.971e-05
57,"trueskill_pollitt","heterogeneous","scoring","vectorized",92,3.912e-05
57,"trueskill_pollitt","heterogeneous","scoring","vectorized",93,3.773e-05
57,"trueskill_pollitt","heterogeneous","scoring","vectorized",94,3.717e-05
57,"trueskill_pollitt","heterogeneous","scoring","vectorized",95,3.544e-05
57,"trueskill_pollitt","heterogeneous","scoring","vectorized",96,3.715e-05
57,"trueskill_pollitt","heterogeneous","scoring","vectorized",97,3.789e-05
57,"trueskill_pollitt","heterogeneous","scoring","vectorized",98,3.972e-05
57,"trueskill_pollitt","heterogeneous","scoring","vectorized",99,3.866e-05
57,"trueskill_pollitt","heterogeneous","scoring","vectorized",100,4.545e-05
57,"trueskill_pollitt","heterogeneous","selection","scalar",1,0.006781564
57,"trueskill_pollitt","heterogeneous","selection","scalar",2,0.005700263
57,"trueskill_pollitt","heterogeneous","selection","scalar",3,0.005677584
57,"trueskill_pollitt","heterogeneous","selection","scalar",4,0.005723584
57,"trueskill_pollitt","heterogeneous","selection","scalar",5,0.006003963
57,"trueskill_pollitt","heterogeneous","selection","scalar",6,0.006638174
57,"trueskill_pollitt","heterogeneous","selection","scalar",7,0.005734623
57,"trueskill_pollitt","heterogeneous","selection","scalar",8,0.005784124
57,"trueskill_pollitt","heterogeneous","selection","scalar",9,0.005690844
57,"trueskill_pollitt","heterogeneous","selection","scalar",10,0.005788884
57,"trueskill_pollitt","heterogeneous","selection","scalar",11,0.005620263
57,"trueskill_pollitt","heterogeneous","selection","scalar",12,0.005617363
57,"trueskill_pollitt","heterogeneous","selection","scalar",13,0.005767294
57,"trueskill_pollitt","heterogeneous","selection","scalar",14,0.006855844
57,"trueskill_pollitt","heterogeneous","selection","scalar",15,0.005883164
57,"trueskill_pollitt","heterogeneous","selection","scalar",16,0.005675023
57,"trueskill_pollitt","heterogeneous","selection","scalar",17,0.005670933
57,"trueskill_pollitt","heterogeneous","selection","scalar",18,0.093423588
57,"trueskill_pollitt","heterogeneous","selection","scalar",19,0.005871133
57,"trueskill_pollitt","heterogeneous","selection","scalar",20,0.005666383
57,"trueskill_pollitt","heterogeneous","selection","scalar",21,0.005657544
57,"trueskill_pollitt","heterogeneous","selection","scalar",22,0.005661554
57,"trueskill_pollitt","heterogeneous","selection","scalar",23,0.007226544
57,"trueskill_pollitt","heterogeneous","selection","scalar",24,0.005789584
57,"trueskill_pollitt","heterogeneous","selection","scalar",25,0.005878343
57,"trueskill_pollitt","heterogeneous","selection","scalar",26,0.005732133
57,"trueskill_pollitt","heterogeneous","selection","scalar",27,0.010049747
57,"trueskill_pollitt","heterogeneous","selection","scalar",28,0.005676153
57,"trueskill_pollitt","heterogeneous","selection","scalar",29,0.005605174
57,"trueskill_pollitt","heterogeneous","selection","scalar",30,0.005623524
57,"trueskill_pollitt","heterogeneous","selection","vectorized",1,0.003705513
57,"trueskill_pollitt","heterogeneous","selection","vectorized",2,0.003599912
57,"trueskill_pollitt","heterogeneous","selection","vectorized",3,0.003506972
57,"trueskill_pollitt","heterogeneous","selection","vectorized",4,0.003499592
57,"trueskill_pollitt","heterogeneous","selection","vectorized",5,0.004487113
57,"trueskill_pollitt","heterogeneous","selection","vectorized",6,0.003613413
57,"trueskill_pollitt","heterogeneous","selection","vectorized",7,0.003573642
57,"trueskill_pollitt","heterogeneous","selection","vectorized",8,0.003513492
57,"trueskill_pollitt","heterogeneous","selection","vectorized",9,0.008918225
57,"trueskill_pollitt","heterogeneous","selection","vectorized",10,0.003535792
57,"trueskill_pollitt","heterogeneous","selection","vectorized",11,0.003507493
57,"trueskill_pollitt","heterogeneous","selection","vectorized",12,0.003504232
57,"trueskill_pollitt","heterogeneous","selection","vectorized",13,0.003547382
57,"trueskill_pollitt","heterogeneous","selection","vectorized",14,0.004564833
57,"trueskill_pollitt","heterogeneous","selection","vectorized",15,0.003479782
57,"trueskill_pollitt","heterogeneous","selection","vectorized",16,0.003626763
57,"trueskill_pollitt","heterogeneous","selection","vectorized",17,0.003552002
57,"trueskill_pollitt","heterogeneous","selection","vectorized",18,0.004068143
57,"trueskill_pollitt","heterogeneous","selection","vectorized",19,0.003581143
57,"trueskill_pollitt","heterogeneous","selection","vectorized",20,0.003502832
57,"trueskill_pollitt","heterogeneous","selection","vectorized",21,0.003631602
57,"trueskill_pollitt","heterogeneous","selection","vectorized",22,0.003686872
57,"trueskill_pollitt","heterogeneous","selection","vectorized",23,0.004043703
57,"trueskill_pollitt","heterogeneous","selection","vectorized",24,0.003587332
57,"trueskill_pollitt","heterogeneous","selection","vectorized",25,0.003547333
57,"trueskill_pollitt","heterogeneous","selection","vectorized",26,0.003540052
57,"trueskill_pollitt","heterogeneous","selection","vectorized",27,0.003514762
57,"trueskill_pollitt","heterogeneous","selection","vectorized",28,0.003470212
57,"trueskill_pollitt","heterogeneous","selection","vectorized",29,0.003454692
57,"trueskill_pollitt","heterogeneous","selection","vectorized",30,0.003533912
57,"trueskill_pollitt","heterogeneous","trajectory","scalar",1,5.423
57,"trueskill_pollitt","heterogeneous","trajectory","vectorized",1,5.28399999999999
57,"trueskill_pollitt","heterogeneous","trajectory","vectorized",2,5.333
57,"trueskill_pollitt","heterogeneous","trajectory","scalar",2,5.39699999999999
57,"trueskill_pollitt","heterogeneous","trajectory","scalar",3,5.47699999999998
57,"trueskill_pollitt","heterogeneous","trajectory","vectorized",3,5.27199999999999
91,"trueskill_p50","cold","scoring","scalar",1,0.003630222
91,"trueskill_p50","cold","scoring","scalar",2,0.003338292
91,"trueskill_p50","cold","scoring","scalar",3,0.003286572
91,"trueskill_p50","cold","scoring","scalar",4,0.003273222
91,"trueskill_p50","cold","scoring","scalar",5,0.003253722
91,"trueskill_p50","cold","scoring","scalar",6,0.003476782
91,"trueskill_p50","cold","scoring","scalar",7,0.003314233
91,"trueskill_p50","cold","scoring","scalar",8,0.003450832
91,"trueskill_p50","cold","scoring","scalar",9,0.003284832
91,"trueskill_p50","cold","scoring","scalar",10,0.003758212
91,"trueskill_p50","cold","scoring","scalar",11,0.004647623
91,"trueskill_p50","cold","scoring","scalar",12,0.004036763
91,"trueskill_p50","cold","scoring","scalar",13,0.003436472
91,"trueskill_p50","cold","scoring","scalar",14,0.003433992
91,"trueskill_p50","cold","scoring","scalar",15,0.003460612
91,"trueskill_p50","cold","scoring","scalar",16,0.003404742
91,"trueskill_p50","cold","scoring","scalar",17,0.003420592
91,"trueskill_p50","cold","scoring","scalar",18,0.008111805
91,"trueskill_p50","cold","scoring","scalar",19,0.003355522
91,"trueskill_p50","cold","scoring","scalar",20,0.003375342
91,"trueskill_p50","cold","scoring","scalar",21,0.003291202
91,"trueskill_p50","cold","scoring","scalar",22,0.003262722
91,"trueskill_p50","cold","scoring","scalar",23,0.003269112
91,"trueskill_p50","cold","scoring","scalar",24,0.003309552
91,"trueskill_p50","cold","scoring","scalar",25,0.003378222
91,"trueskill_p50","cold","scoring","scalar",26,0.003447582
91,"trueskill_p50","cold","scoring","scalar",27,0.003282102
91,"trueskill_p50","cold","scoring","scalar",28,0.003953763
91,"trueskill_p50","cold","scoring","scalar",29,0.004576433
91,"trueskill_p50","cold","scoring","scalar",30,0.003802462
91,"trueskill_p50","cold","scoring","scalar",31,0.003352982
91,"trueskill_p50","cold","scoring","scalar",32,0.003397912
91,"trueskill_p50","cold","scoring","scalar",33,0.003402882
91,"trueskill_p50","cold","scoring","scalar",34,0.003369912
91,"trueskill_p50","cold","scoring","scalar",35,0.003365123
91,"trueskill_p50","cold","scoring","scalar",36,0.007659474
91,"trueskill_p50","cold","scoring","scalar",37,0.003342212
91,"trueskill_p50","cold","scoring","scalar",38,0.003294242
91,"trueskill_p50","cold","scoring","scalar",39,0.003274752
91,"trueskill_p50","cold","scoring","scalar",40,0.003278792
91,"trueskill_p50","cold","scoring","scalar",41,0.003282082
91,"trueskill_p50","cold","scoring","scalar",42,0.003314962
91,"trueskill_p50","cold","scoring","scalar",43,0.003316322
91,"trueskill_p50","cold","scoring","scalar",44,0.003430852
91,"trueskill_p50","cold","scoring","scalar",45,0.003344932
91,"trueskill_p50","cold","scoring","scalar",46,0.004089273
91,"trueskill_p50","cold","scoring","scalar",47,0.004638923
91,"trueskill_p50","cold","scoring","scalar",48,0.003726382
91,"trueskill_p50","cold","scoring","scalar",49,0.003367912
91,"trueskill_p50","cold","scoring","scalar",50,0.003423002
91,"trueskill_p50","cold","scoring","scalar",51,0.003404542
91,"trueskill_p50","cold","scoring","scalar",52,0.003422242
91,"trueskill_p50","cold","scoring","scalar",53,0.003421423
91,"trueskill_p50","cold","scoring","scalar",54,0.008073865
91,"trueskill_p50","cold","scoring","scalar",55,0.003364562
91,"trueskill_p50","cold","scoring","scalar",56,0.003332952
91,"trueskill_p50","cold","scoring","scalar",57,0.003319042
91,"trueskill_p50","cold","scoring","scalar",58,0.003290812
91,"trueskill_p50","cold","scoring","scalar",59,0.003335592
91,"trueskill_p50","cold","scoring","scalar",60,0.003323602
91,"trueskill_p50","cold","scoring","scalar",61,0.003374562
91,"trueskill_p50","cold","scoring","scalar",62,0.003470832
91,"trueskill_p50","cold","scoring","scalar",63,0.003432063
91,"trueskill_p50","cold","scoring","scalar",64,0.004101852
91,"trueskill_p50","cold","scoring","scalar",65,0.004611903
91,"trueskill_p50","cold","scoring","scalar",66,0.003560342
91,"trueskill_p50","cold","scoring","scalar",67,0.003341952
91,"trueskill_p50","cold","scoring","scalar",68,0.003421973
91,"trueskill_p50","cold","scoring","scalar",69,0.003381832
91,"trueskill_p50","cold","scoring","scalar",70,0.003392992
91,"trueskill_p50","cold","scoring","scalar",71,0.003432932
91,"trueskill_p50","cold","scoring","scalar",72,0.007793205
91,"trueskill_p50","cold","scoring","scalar",73,0.003336752
91,"trueskill_p50","cold","scoring","scalar",74,0.003306992
91,"trueskill_p50","cold","scoring","scalar",75,0.003330212
91,"trueskill_p50","cold","scoring","scalar",76,0.003299272
91,"trueskill_p50","cold","scoring","scalar",77,0.003271592
91,"trueskill_p50","cold","scoring","scalar",78,0.003321322
91,"trueskill_p50","cold","scoring","scalar",79,0.003405792
91,"trueskill_p50","cold","scoring","scalar",80,0.003422373
91,"trueskill_p50","cold","scoring","scalar",81,0.003443962
91,"trueskill_p50","cold","scoring","scalar",82,0.004281492
91,"trueskill_p50","cold","scoring","scalar",83,0.004568543
91,"trueskill_p50","cold","scoring","scalar",84,0.003424142
91,"trueskill_p50","cold","scoring","scalar",85,0.003455963
91,"trueskill_p50","cold","scoring","scalar",86,0.003492272
91,"trueskill_p50","cold","scoring","scalar",87,0.003412332
91,"trueskill_p50","cold","scoring","scalar",88,0.003442032
91,"trueskill_p50","cold","scoring","scalar",89,0.003432572
91,"trueskill_p50","cold","scoring","scalar",90,0.008141525
91,"trueskill_p50","cold","scoring","scalar",91,0.003364222
91,"trueskill_p50","cold","scoring","scalar",92,0.003357743
91,"trueskill_p50","cold","scoring","scalar",93,0.003317972
91,"trueskill_p50","cold","scoring","scalar",94,0.003311612
91,"trueskill_p50","cold","scoring","scalar",95,0.003315372
91,"trueskill_p50","cold","scoring","scalar",96,0.003331002
91,"trueskill_p50","cold","scoring","scalar",97,0.003474362
91,"trueskill_p50","cold","scoring","scalar",98,0.003410112
91,"trueskill_p50","cold","scoring","scalar",99,0.003465572
91,"trueskill_p50","cold","scoring","scalar",100,0.004523453
91,"trueskill_p50","cold","scoring","vectorized",1,6.785e-05
91,"trueskill_p50","cold","scoring","vectorized",2,5.671e-05
91,"trueskill_p50","cold","scoring","vectorized",3,5.247e-05
91,"trueskill_p50","cold","scoring","vectorized",4,5.392e-05
91,"trueskill_p50","cold","scoring","vectorized",5,4.763e-05
91,"trueskill_p50","cold","scoring","vectorized",6,5.22e-05
91,"trueskill_p50","cold","scoring","vectorized",7,4.857e-05
91,"trueskill_p50","cold","scoring","vectorized",8,4.672e-05
91,"trueskill_p50","cold","scoring","vectorized",9,4.77e-05
91,"trueskill_p50","cold","scoring","vectorized",10,5.521e-05
91,"trueskill_p50","cold","scoring","vectorized",11,5.139e-05
91,"trueskill_p50","cold","scoring","vectorized",12,4.659e-05
91,"trueskill_p50","cold","scoring","vectorized",13,4.391e-05
91,"trueskill_p50","cold","scoring","vectorized",14,4.745e-05
91,"trueskill_p50","cold","scoring","vectorized",15,4.448e-05
91,"trueskill_p50","cold","scoring","vectorized",16,4.355e-05
91,"trueskill_p50","cold","scoring","vectorized",17,5.054e-05
91,"trueskill_p50","cold","scoring","vectorized",18,5.097e-05
91,"trueskill_p50","cold","scoring","vectorized",19,4.4041e-05
91,"trueskill_p50","cold","scoring","vectorized",20,4.823e-05
91,"trueskill_p50","cold","scoring","vectorized",21,4.172e-05
91,"trueskill_p50","cold","scoring","vectorized",22,3.934e-05
91,"trueskill_p50","cold","scoring","vectorized",23,3.959e-05
91,"trueskill_p50","cold","scoring","vectorized",24,4.065e-05
91,"trueskill_p50","cold","scoring","vectorized",25,4.176e-05
91,"trueskill_p50","cold","scoring","vectorized",26,3.993e-05
91,"trueskill_p50","cold","scoring","vectorized",27,5.794e-05
91,"trueskill_p50","cold","scoring","vectorized",28,5.089e-05
91,"trueskill_p50","cold","scoring","vectorized",29,6.81e-05
91,"trueskill_p50","cold","scoring","vectorized",30,4.108e-05
91,"trueskill_p50","cold","scoring","vectorized",31,4.096e-05
91,"trueskill_p50","cold","scoring","vectorized",32,4.022e-05
91,"trueskill_p50","cold","scoring","vectorized",33,3.89e-05
91,"trueskill_p50","cold","scoring","vectorized",34,4.356e-05
91,"trueskill_p50","cold","scoring","vectorized",35,3.915e-05
91,"trueskill_p50","cold","scoring","vectorized",36,4.29e-05
91,"trueskill_p50","cold","scoring","vectorized",37,4.517e-05
91,"trueskill_p50","cold","scoring","vectorized",38,4.0981e-05
91,"trueskill_p50","cold","scoring","vectorized",39,3.988e-05
91,"trueskill_p50","cold","scoring","vectorized",40,4.08e-05
91,"trueskill_p50","cold","scoring","vectorized",41,4.033e-05
91,"trueskill_p50","cold","scoring","vectorized",42,4.046e-05
91,"trueskill_p50","cold","scoring","vectorized",43,3.912e-05
91,"trueskill_p50","cold","scoring","vectorized",44,3.888e-05
91,"trueskill_p50","cold","scoring","vectorized",45,4.138e-05
91,"trueskill_p50","cold","scoring","vectorized",46,7.235e-05
91,"trueskill_p50","cold","scoring","vectorized",47,5.026e-05
91,"trueskill_p50","cold","scoring","vectorized",48,4.239e-05
91,"trueskill_p50","cold","scoring","vectorized",49,4.226e-05
91,"trueskill_p50","cold","scoring","vectorized",50,4.284e-05
91,"trueskill_p50","cold","scoring","vectorized",51,4.692e-05
91,"trueskill_p50","cold","scoring","vectorized",52,4.111e-05
91,"trueskill_p50","cold","scoring","vectorized",53,4.079e-05
91,"trueskill_p50","cold","scoring","vectorized",54,4.518e-05
91,"trueskill_p50","cold","scoring","vectorized",55,4.242e-05
91,"trueskill_p50","cold","scoring","vectorized",56,4.238e-05
91,"trueskill_p50","cold","scoring","vectorized",57,4.104e-05
91,"trueskill_p50","cold","scoring","vectorized",58,3.943e-05
91,"trueskill_p50","cold","scoring","vectorized",59,4.152e-05
91,"trueskill_p50","cold","scoring","vectorized",60,4.032e-05
91,"trueskill_p50","cold","scoring","vectorized",61,4.206e-05
91,"trueskill_p50","cold","scoring","vectorized",62,4.068e-05
91,"trueskill_p50","cold","scoring","vectorized",63,4.387e-05
91,"trueskill_p50","cold","scoring","vectorized",64,5.649e-05
91,"trueskill_p50","cold","scoring","vectorized",65,5.232e-05
91,"trueskill_p50","cold","scoring","vectorized",66,4.141e-05
91,"trueskill_p50","cold","scoring","vectorized",67,4.118e-05
91,"trueskill_p50","cold","scoring","vectorized",68,4.099e-05
91,"trueskill_p50","cold","scoring","vectorized",69,4.022e-05
91,"trueskill_p50","cold","scoring","vectorized",70,3.961e-05
91,"trueskill_p50","cold","scoring","vectorized",71,4.308e-05
91,"trueskill_p50","cold","scoring","vectorized",72,4.376e-05
91,"trueskill_p50","cold","scoring","vectorized",73,4.118e-05
91,"trueskill_p50","cold","scoring","vectorized",74,4.127e-05
91,"trueskill_p50","cold","scoring","vectorized",75,4.198e-05
91,"trueskill_p50","cold","scoring","vectorized",76,3.987e-05
91,"trueskill_p50","cold","scoring","vectorized",77,4.123e-05
91,"trueskill_p50","cold","scoring","vectorized",78,3.897e-05
91,"trueskill_p50","cold","scoring","vectorized",79,4.124e-05
91,"trueskill_p50","cold","scoring","vectorized",80,4.008e-05
91,"trueskill_p50","cold","scoring","vectorized",81,4.143e-05
91,"trueskill_p50","cold","scoring","vectorized",82,5.991e-05
91,"trueskill_p50","cold","scoring","vectorized",83,5.666e-05
91,"trueskill_p50","cold","scoring","vectorized",84,4.099e-05
91,"trueskill_p50","cold","scoring","vectorized",85,4.43e-05
91,"trueskill_p50","cold","scoring","vectorized",86,4.169e-05
91,"trueskill_p50","cold","scoring","vectorized",87,4.224e-05
91,"trueskill_p50","cold","scoring","vectorized",88,4.279e-05
91,"trueskill_p50","cold","scoring","vectorized",89,4.41e-05
91,"trueskill_p50","cold","scoring","vectorized",90,4.754e-05
91,"trueskill_p50","cold","scoring","vectorized",91,4.324e-05
91,"trueskill_p50","cold","scoring","vectorized",92,4.145e-05
91,"trueskill_p50","cold","scoring","vectorized",93,4.025e-05
91,"trueskill_p50","cold","scoring","vectorized",94,4.138e-05
91,"trueskill_p50","cold","scoring","vectorized",95,4.124e-05
91,"trueskill_p50","cold","scoring","vectorized",96,4.061e-05
91,"trueskill_p50","cold","scoring","vectorized",97,4.857e-05
91,"trueskill_p50","cold","scoring","vectorized",98,3.97e-05
91,"trueskill_p50","cold","scoring","vectorized",99,4.012e-05
91,"trueskill_p50","cold","scoring","vectorized",100,6.885e-05
91,"trueskill_p50","cold","selection","scalar",1,0.008937955
91,"trueskill_p50","cold","selection","scalar",2,0.007266104
91,"trueskill_p50","cold","selection","scalar",3,0.007399984
91,"trueskill_p50","cold","selection","scalar",4,0.007814684
91,"trueskill_p50","cold","selection","scalar",5,0.009116696
91,"trueskill_p50","cold","selection","scalar",6,0.008947046
91,"trueskill_p50","cold","selection","scalar",7,0.009714996
91,"trueskill_p50","cold","selection","scalar",8,0.012738468
91,"trueskill_p50","cold","selection","scalar",9,0.008106875
91,"trueskill_p50","cold","selection","scalar",10,0.006881614
91,"trueskill_p50","cold","selection","scalar",11,0.007062775
91,"trueskill_p50","cold","selection","scalar",12,0.008770115
91,"trueskill_p50","cold","selection","scalar",13,0.007320905
91,"trueskill_p50","cold","selection","scalar",14,0.007629345
91,"trueskill_p50","cold","selection","scalar",15,0.007083795
91,"trueskill_p50","cold","selection","scalar",16,0.007052804
91,"trueskill_p50","cold","selection","scalar",17,0.006893805
91,"trueskill_p50","cold","selection","scalar",18,0.008132585
91,"trueskill_p50","cold","selection","scalar",19,0.008614105
91,"trueskill_p50","cold","selection","scalar",20,0.008958216
91,"trueskill_p50","cold","selection","scalar",21,0.007106514
91,"trueskill_p50","cold","selection","scalar",22,0.007437024
91,"trueskill_p50","cold","selection","scalar",23,0.012659217
91,"trueskill_p50","cold","selection","scalar",24,0.006943414
91,"trueskill_p50","cold","selection","scalar",25,0.006886274
91,"trueskill_p50","cold","selection","scalar",26,0.007358764
91,"trueskill_p50","cold","selection","scalar",27,0.008689426
91,"trueskill_p50","cold","selection","scalar",28,0.006995374
91,"trueskill_p50","cold","selection","scalar",29,0.007223994
91,"trueskill_p50","cold","selection","scalar",30,0.011779208
91,"trueskill_p50","cold","selection","vectorized",1,0.004659083
91,"trueskill_p50","cold","selection","vectorized",2,0.003875293
91,"trueskill_p50","cold","selection","vectorized",3,0.003493653
91,"trueskill_p50","cold","selection","vectorized",4,0.004200243
91,"trueskill_p50","cold","selection","vectorized",5,0.004389122
91,"trueskill_p50","cold","selection","vectorized",6,0.003896402
91,"trueskill_p50","cold","selection","vectorized",7,0.003580823
91,"trueskill_p50","cold","selection","vectorized",8,0.003477152
91,"trueskill_p50","cold","selection","vectorized",9,0.003499942
91,"trueskill_p50","cold","selection","vectorized",10,0.003444152
91,"trueskill_p50","cold","selection","vectorized",11,0.003464892
91,"trueskill_p50","cold","selection","vectorized",12,0.004634253
91,"trueskill_p50","cold","selection","vectorized",13,0.004375452
91,"trueskill_p50","cold","selection","vectorized",14,0.003511452
91,"trueskill_p50","cold","selection","vectorized",15,0.008273465
91,"trueskill_p50","cold","selection","vectorized",16,0.003473022
91,"trueskill_p50","cold","selection","vectorized",17,0.003443642
91,"trueskill_p50","cold","selection","vectorized",18,0.003788492
91,"trueskill_p50","cold","selection","vectorized",19,0.004241433
91,"trueskill_p50","cold","selection","vectorized",20,0.003679142
91,"trueskill_p50","cold","selection","vectorized",21,0.004096123
91,"trueskill_p50","cold","selection","vectorized",22,0.003493123
91,"trueskill_p50","cold","selection","vectorized",23,0.003498793
91,"trueskill_p50","cold","selection","vectorized",24,0.003466182
91,"trueskill_p50","cold","selection","vectorized",25,0.003453893
91,"trueskill_p50","cold","selection","vectorized",26,0.003573512
91,"trueskill_p50","cold","selection","vectorized",27,0.003998672
91,"trueskill_p50","cold","selection","vectorized",28,0.003485773
91,"trueskill_p50","cold","selection","vectorized",29,0.003542032
91,"trueskill_p50","cold","selection","vectorized",30,0.003651582
91,"trueskill_p50","cold","trajectory","scalar",1,8.93800000000002
91,"trueskill_p50","cold","trajectory","vectorized",1,8.50899999999999
91,"trueskill_p50","cold","trajectory","vectorized",2,8.489
91,"trueskill_p50","cold","trajectory","scalar",2,8.976
91,"trueskill_p50","cold","trajectory","scalar",3,8.90200000000002
91,"trueskill_p50","cold","trajectory","vectorized",3,8.54599999999999
91,"trueskill_pollitt","cold","scoring","scalar",1,0.003410382
91,"trueskill_pollitt","cold","scoring","scalar",2,0.003270882
91,"trueskill_pollitt","cold","scoring","scalar",3,0.003270482
91,"trueskill_pollitt","cold","scoring","scalar",4,0.003259842
91,"trueskill_pollitt","cold","scoring","scalar",5,0.003457632
91,"trueskill_pollitt","cold","scoring","scalar",6,0.003297782
91,"trueskill_pollitt","cold","scoring","scalar",7,0.003311032
91,"trueskill_pollitt","cold","scoring","scalar",8,0.003397042
91,"trueskill_pollitt","cold","scoring","scalar",9,0.003393862
91,"trueskill_pollitt","cold","scoring","scalar",10,0.004107533
91,"trueskill_pollitt","cold","scoring","scalar",11,0.004665583
91,"trueskill_pollitt","cold","scoring","scalar",12,0.003572412
91,"trueskill_pollitt","cold","scoring","scalar",13,0.003390602
91,"trueskill_pollitt","cold","scoring","scalar",14,0.003442332
91,"trueskill_pollitt","cold","scoring","scalar",15,0.003451493
91,"trueskill_pollitt","cold","scoring","scalar",16,0.003396932
91,"trueskill_pollitt","cold","scoring","scalar",17,0.003382872
91,"trueskill_pollitt","cold","scoring","scalar",18,0.008121355
91,"trueskill_pollitt","cold","scoring","scalar",19,0.003370532
91,"trueskill_pollitt","cold","scoring","scalar",20,0.003280932
91,"trueskill_pollitt","cold","scoring","scalar",21,0.003262272
91,"trueskill_pollitt","cold","scoring","scalar",22,0.003303522
91,"trueskill_pollitt","cold","scoring","scalar",23,0.003275482
91,"trueskill_pollitt","cold","scoring","scalar",24,0.003270412
91,"trueskill_pollitt","cold","scoring","scalar",25,0.003309142
91,"trueskill_pollitt","cold","scoring","scalar",26,0.003352413
91,"trueskill_pollitt","cold","scoring","scalar",27,0.003405152
91,"trueskill_pollitt","cold","scoring","scalar",28,0.004312512
91,"trueskill_pollitt","cold","scoring","scalar",29,0.004494613
91,"trueskill_pollitt","cold","scoring","scalar",30,0.003380342
91,"trueskill_pollitt","cold","scoring","scalar",31,0.003353232
91,"trueskill_pollitt","cold","scoring","scalar",32,0.003445183
91,"trueskill_pollitt","cold","scoring","scalar",33,0.003408622
91,"trueskill_pollitt","cold","scoring","scalar",34,0.003332622
91,"trueskill_pollitt","cold","scoring","scalar",35,0.003340352
91,"trueskill_pollitt","cold","scoring","scalar",36,0.007761205
91,"trueskill_pollitt","cold","scoring","scalar",37,0.003381032
91,"trueskill_pollitt","cold","scoring","scalar",38,0.003278972
91,"trueskill_pollitt","cold","scoring","scalar",39,0.003284682
91,"trueskill_pollitt","cold","scoring","scalar",40,0.003296562
91,"trueskill_pollitt","cold","scoring","scalar",41,0.003311392
91,"trueskill_pollitt","cold","scoring","scalar",42,0.003301652
91,"trueskill_pollitt","cold","scoring","scalar",43,0.003334582
91,"trueskill_pollitt","cold","scoring","scalar",44,0.003362272
91,"trueskill_pollitt","cold","scoring","scalar",45,0.003592613
91,"trueskill_pollitt","cold","scoring","scalar",46,0.004633813
91,"trueskill_pollitt","cold","scoring","scalar",47,0.004373182
91,"trueskill_pollitt","cold","scoring","scalar",48,0.003354972
91,"trueskill_pollitt","cold","scoring","scalar",49,0.003357783
91,"trueskill_pollitt","cold","scoring","scalar",50,0.003428582
91,"trueskill_pollitt","cold","scoring","scalar",51,0.003425382
91,"trueskill_pollitt","cold","scoring","scalar",52,0.003384142
91,"trueskill_pollitt","cold","scoring","scalar",53,0.003393512
91,"trueskill_pollitt","cold","scoring","scalar",54,0.008217165
91,"trueskill_pollitt","cold","scoring","scalar",55,0.003355752
91,"trueskill_pollitt","cold","scoring","scalar",56,0.003298992
91,"trueskill_pollitt","cold","scoring","scalar",57,0.003293682
91,"trueskill_pollitt","cold","scoring","scalar",58,0.003355433
91,"trueskill_pollitt","cold","scoring","scalar",59,0.003285672
91,"trueskill_pollitt","cold","scoring","scalar",60,0.003317192
91,"trueskill_pollitt","cold","scoring","scalar",61,0.003396812
91,"trueskill_pollitt","cold","scoring","scalar",62,0.003350122
91,"trueskill_pollitt","cold","scoring","scalar",63,0.003512812
91,"trueskill_pollitt","cold","scoring","scalar",64,0.004566633
91,"trueskill_pollitt","cold","scoring","scalar",65,0.004285093
91,"trueskill_pollitt","cold","scoring","scalar",66,0.003350442
91,"trueskill_pollitt","cold","scoring","scalar",67,0.003481642
91,"trueskill_pollitt","cold","scoring","scalar",68,0.003470772
91,"trueskill_pollitt","cold","scoring","scalar",69,0.003390242
91,"trueskill_pollitt","cold","scoring","scalar",70,0.003406772
91,"trueskill_pollitt","cold","scoring","scalar",71,0.003385363
91,"trueskill_pollitt","cold","scoring","scalar",72,0.007908204
91,"trueskill_pollitt","cold","scoring","scalar",73,0.003335983
91,"trueskill_pollitt","cold","scoring","scalar",74,0.003281292
91,"trueskill_pollitt","cold","scoring","scalar",75,0.003292102
91,"trueskill_pollitt","cold","scoring","scalar",76,0.003316822
91,"trueskill_pollitt","cold","scoring","scalar",77,0.003302802
91,"trueskill_pollitt","cold","scoring","scalar",78,0.003292482
91,"trueskill_pollitt","cold","scoring","scalar",79,0.003451112
91,"trueskill_pollitt","cold","scoring","scalar",80,0.003294642
91,"trueskill_pollitt","cold","scoring","scalar",81,0.003578422
91,"trueskill_pollitt","cold","scoring","scalar",82,0.004559233
91,"trueskill_pollitt","cold","scoring","scalar",83,0.004198343
91,"trueskill_pollitt","cold","scoring","scalar",84,0.003349492
91,"trueskill_pollitt","cold","scoring","scalar",85,0.003604302
91,"trueskill_pollitt","cold","scoring","scalar",86,0.003468322
91,"trueskill_pollitt","cold","scoring","scalar",87,0.003377653
91,"trueskill_pollitt","cold","scoring","scalar",88,0.003399252
91,"trueskill_pollitt","cold","scoring","scalar",89,0.003377342
91,"trueskill_pollitt","cold","scoring","scalar",90,0.008057225
91,"trueskill_pollitt","cold","scoring","scalar",91,0.003321632
91,"trueskill_pollitt","cold","scoring","scalar",92,0.003293022
91,"trueskill_pollitt","cold","scoring","scalar",93,0.003301522
91,"trueskill_pollitt","cold","scoring","scalar",94,0.003389742
91,"trueskill_pollitt","cold","scoring","scalar",95,0.003343512
91,"trueskill_pollitt","cold","scoring","scalar",96,0.003313922
91,"trueskill_pollitt","cold","scoring","scalar",97,0.003439033
91,"trueskill_pollitt","cold","scoring","scalar",98,0.003312002
91,"trueskill_pollitt","cold","scoring","scalar",99,0.003665612
91,"trueskill_pollitt","cold","scoring","scalar",100,0.004613923
91,"trueskill_pollitt","cold","scoring","vectorized",1,6.434e-05
91,"trueskill_pollitt","cold","scoring","vectorized",2,6.182e-05
91,"trueskill_pollitt","cold","scoring","vectorized",3,5.231e-05
91,"trueskill_pollitt","cold","scoring","vectorized",4,4.88e-05
91,"trueskill_pollitt","cold","scoring","vectorized",5,5.297e-05
91,"trueskill_pollitt","cold","scoring","vectorized",6,4.873e-05
91,"trueskill_pollitt","cold","scoring","vectorized",7,4.61e-05
91,"trueskill_pollitt","cold","scoring","vectorized",8,4.477e-05
91,"trueskill_pollitt","cold","scoring","vectorized",9,4.71e-05
91,"trueskill_pollitt","cold","scoring","vectorized",10,5.976e-05
91,"trueskill_pollitt","cold","scoring","vectorized",11,5.084e-05
91,"trueskill_pollitt","cold","scoring","vectorized",12,4.469e-05
91,"trueskill_pollitt","cold","scoring","vectorized",13,4.43e-05
91,"trueskill_pollitt","cold","scoring","vectorized",14,4.367e-05
91,"trueskill_pollitt","cold","scoring","vectorized",15,4.259e-05
91,"trueskill_pollitt","cold","scoring","vectorized",16,4.362e-05
91,"trueskill_pollitt","cold","scoring","vectorized",17,4.29e-05
91,"trueskill_pollitt","cold","scoring","vectorized",18,5.378e-05
91,"trueskill_pollitt","cold","scoring","vectorized",19,4.41e-05
91,"trueskill_pollitt","cold","scoring","vectorized",20,4.029e-05
91,"trueskill_pollitt","cold","scoring","vectorized",21,4.081e-05
91,"trueskill_pollitt","cold","scoring","vectorized",22,4.095e-05
91,"trueskill_pollitt","cold","scoring","vectorized",23,4.118e-05
91,"trueskill_pollitt","cold","scoring","vectorized",24,4.048e-05
91,"trueskill_pollitt","cold","scoring","vectorized",25,4.182e-05
91,"trueskill_pollitt","cold","scoring","vectorized",26,4.141e-05
91,"trueskill_pollitt","cold","scoring","vectorized",27,4.103e-05
91,"trueskill_pollitt","cold","scoring","vectorized",28,6.76e-05
91,"trueskill_pollitt","cold","scoring","vectorized",29,5.212e-05
91,"trueskill_pollitt","cold","scoring","vectorized",30,3.917e-05
91,"trueskill_pollitt","cold","scoring","vectorized",31,4.237e-05
91,"trueskill_pollitt","cold","scoring","vectorized",32,4.245e-05
91,"trueskill_pollitt","cold","scoring","vectorized",33,3.836e-05
91,"trueskill_pollitt","cold","scoring","vectorized",34,3.822e-05
91,"trueskill_pollitt","cold","scoring","vectorized",35,3.97e-05
91,"trueskill_pollitt","cold","scoring","vectorized",36,4.51e-05
91,"trueskill_pollitt","cold","scoring","vectorized",37,4.425e-05
91,"trueskill_pollitt","cold","scoring","vectorized",38,4.003e-05
91,"trueskill_pollitt","cold","scoring","vectorized",39,4.021e-05
91,"trueskill_pollitt","cold","scoring","vectorized",40,4.021e-05
91,"trueskill_pollitt","cold","scoring","vectorized",41,4.108e-05
91,"trueskill_pollitt","cold","scoring","vectorized",42,4.174e-05
91,"trueskill_pollitt","cold","scoring","vectorized",43,4.288e-05
91,"trueskill_pollitt","cold","scoring","vectorized",44,4.574e-05
91,"trueskill_pollitt","cold","scoring","vectorized",45,4.577e-05
91,"trueskill_pollitt","cold","scoring","vectorized",46,5.798e-05
91,"trueskill_pollitt","cold","scoring","vectorized",47,4.14e-05
91,"trueskill_pollitt","cold","scoring","vectorized",48,4.106e-05
91,"trueskill_pollitt","cold","scoring","vectorized",49,4.047e-05
91,"trueskill_pollitt","cold","scoring","vectorized",50,4.677e-05
91,"trueskill_pollitt","cold","scoring","vectorized",51,4.103e-05
91,"trueskill_pollitt","cold","scoring","vectorized",52,4.126e-05
91,"trueskill_pollitt","cold","scoring","vectorized",53,4.022e-05
91,"trueskill_pollitt","cold","scoring","vectorized",54,4.517e-05
91,"trueskill_pollitt","cold","scoring","vectorized",55,4.932e-05
91,"trueskill_pollitt","cold","scoring","vectorized",56,4.178e-05
91,"trueskill_pollitt","cold","scoring","vectorized",57,4.251e-05
91,"trueskill_pollitt","cold","scoring","vectorized",58,4.204e-05
91,"trueskill_pollitt","cold","scoring","vectorized",59,4.243e-05
91,"trueskill_pollitt","cold","scoring","vectorized",60,3.96e-05
91,"trueskill_pollitt","cold","scoring","vectorized",61,4.366e-05
91,"trueskill_pollitt","cold","scoring","vectorized",62,4.006e-05
91,"trueskill_pollitt","cold","scoring","vectorized",63,4.798e-05
91,"trueskill_pollitt","cold","scoring","vectorized",64,4.437e-05
91,"trueskill_pollitt","cold","scoring","vectorized",65,4.094e-05
91,"trueskill_pollitt","cold","scoring","vectorized",66,3.935e-05
91,"trueskill_pollitt","cold","scoring","vectorized",67,4.568e-05
91,"trueskill_pollitt","cold","scoring","vectorized",68,4.186e-05
91,"trueskill_pollitt","cold","scoring","vectorized",69,3.923e-05
91,"trueskill_pollitt","cold","scoring","vectorized",70,4.039e-05
91,"trueskill_pollitt","cold","scoring","vectorized",71,4.064e-05
91,"trueskill_pollitt","cold","scoring","vectorized",72,4.541e-05
91,"trueskill_pollitt","cold","scoring","vectorized",73,4.178e-05
91,"trueskill_pollitt","cold","scoring","vectorized",74,4.149e-05
91,"trueskill_pollitt","cold","scoring","vectorized",75,4.153e-05
91,"trueskill_pollitt","cold","scoring","vectorized",76,3.963e-05
91,"trueskill_pollitt","cold","scoring","vectorized",77,4.223e-05
91,"trueskill_pollitt","cold","scoring","vectorized",78,3.968e-05
91,"trueskill_pollitt","cold","scoring","vectorized",79,4.542e-05
91,"trueskill_pollitt","cold","scoring","vectorized",80,3.936e-05
91,"trueskill_pollitt","cold","scoring","vectorized",81,4.61e-05
91,"trueskill_pollitt","cold","scoring","vectorized",82,4.121e-05
91,"trueskill_pollitt","cold","scoring","vectorized",83,4.111e-05
91,"trueskill_pollitt","cold","scoring","vectorized",84,3.942e-05
91,"trueskill_pollitt","cold","scoring","vectorized",85,4.596e-05
91,"trueskill_pollitt","cold","scoring","vectorized",86,4.3e-05
91,"trueskill_pollitt","cold","scoring","vectorized",87,4.16e-05
91,"trueskill_pollitt","cold","scoring","vectorized",88,4.205e-05
91,"trueskill_pollitt","cold","scoring","vectorized",89,4.664e-05
91,"trueskill_pollitt","cold","scoring","vectorized",90,4.509e-05
91,"trueskill_pollitt","cold","scoring","vectorized",91,4.171e-05
91,"trueskill_pollitt","cold","scoring","vectorized",92,4.029e-05
91,"trueskill_pollitt","cold","scoring","vectorized",93,4.226e-05
91,"trueskill_pollitt","cold","scoring","vectorized",94,4.229e-05
91,"trueskill_pollitt","cold","scoring","vectorized",95,4.352e-05
91,"trueskill_pollitt","cold","scoring","vectorized",96,4.019e-05
91,"trueskill_pollitt","cold","scoring","vectorized",97,4.05e-05
91,"trueskill_pollitt","cold","scoring","vectorized",98,4.09e-05
91,"trueskill_pollitt","cold","scoring","vectorized",99,4.808e-05
91,"trueskill_pollitt","cold","scoring","vectorized",100,4.281e-05
91,"trueskill_pollitt","cold","selection","scalar",1,0.008202665
91,"trueskill_pollitt","cold","selection","scalar",2,0.007041684
91,"trueskill_pollitt","cold","selection","scalar",3,0.006978335
91,"trueskill_pollitt","cold","selection","scalar",4,0.007214874
91,"trueskill_pollitt","cold","selection","scalar",5,0.008654095
91,"trueskill_pollitt","cold","selection","scalar",6,0.007158505
91,"trueskill_pollitt","cold","selection","scalar",7,0.007504495
91,"trueskill_pollitt","cold","selection","scalar",8,0.012036798
91,"trueskill_pollitt","cold","selection","scalar",9,0.006948244
91,"trueskill_pollitt","cold","selection","scalar",10,0.007005075
91,"trueskill_pollitt","cold","selection","scalar",11,0.007140424
91,"trueskill_pollitt","cold","selection","scalar",12,0.008685376
91,"trueskill_pollitt","cold","selection","scalar",13,0.007258035
91,"trueskill_pollitt","cold","selection","scalar",14,0.007190284
91,"trueskill_pollitt","cold","selection","scalar",15,0.007117924
91,"trueskill_pollitt","cold","selection","scalar",16,0.007121774
91,"trueskill_pollitt","cold","selection","scalar",17,0.006976074
91,"trueskill_pollitt","cold","selection","scalar",18,0.007078845
91,"trueskill_pollitt","cold","selection","scalar",19,0.007774835
91,"trueskill_pollitt","cold","selection","scalar",20,0.008243715
91,"trueskill_pollitt","cold","selection","scalar",21,0.007106565
91,"trueskill_pollitt","cold","selection","scalar",22,0.007175454
91,"trueskill_pollitt","cold","selection","scalar",23,0.011524667
91,"trueskill_pollitt","cold","selection","scalar",24,0.007031954
91,"trueskill_pollitt","cold","selection","scalar",25,0.006968115
91,"trueskill_pollitt","cold","selection","scalar",26,0.007140525
91,"trueskill_pollitt","cold","selection","scalar",27,0.009004106
91,"trueskill_pollitt","cold","selection","scalar",28,0.007062604
91,"trueskill_pollitt","cold","selection","scalar",29,0.007118684
91,"trueskill_pollitt","cold","selection","scalar",30,0.012134868
91,"trueskill_pollitt","cold","selection","vectorized",1,0.003772013
91,"trueskill_pollitt","cold","selection","vectorized",2,0.003579472
91,"trueskill_pollitt","cold","selection","vectorized",3,0.003625892
91,"trueskill_pollitt","cold","selection","vectorized",4,0.004148263
91,"trueskill_pollitt","cold","selection","vectorized",5,0.003595842
91,"trueskill_pollitt","cold","selection","vectorized",6,0.003748122
91,"trueskill_pollitt","cold","selection","vectorized",7,0.003614012
91,"trueskill_pollitt","cold","selection","vectorized",8,0.003551672
91,"trueskill_pollitt","cold","selection","vectorized",9,0.003492062
91,"trueskill_pollitt","cold","selection","vectorized",10,0.003535212
91,"trueskill_pollitt","cold","selection","vectorized",11,0.003614482
91,"trueskill_pollitt","cold","selection","vectorized",12,0.004090152
91,"trueskill_pollitt","cold","selection","vectorized",13,0.003551412
91,"trueskill_pollitt","cold","selection","vectorized",14,0.003546463
91,"trueskill_pollitt","cold","selection","vectorized",15,0.007994945
91,"trueskill_pollitt","cold","selection","vectorized",16,0.003506003
91,"trueskill_pollitt","cold","selection","vectorized",17,0.003501792
91,"trueskill_pollitt","cold","selection","vectorized",18,0.003577292
91,"trueskill_pollitt","cold","selection","vectorized",19,0.005462073
91,"trueskill_pollitt","cold","selection","vectorized",20,0.003523882
91,"trueskill_pollitt","cold","selection","vectorized",21,0.003629862
91,"trueskill_pollitt","cold","selection","vectorized",22,0.003515593
91,"trueskill_pollitt","cold","selection","vectorized",23,0.003476002
91,"trueskill_pollitt","cold","selection","vectorized",24,0.003588142
91,"trueskill_pollitt","cold","selection","vectorized",25,0.004285752
91,"trueskill_pollitt","cold","selection","vectorized",26,0.003821002
91,"trueskill_pollitt","cold","selection","vectorized",27,0.003569672
91,"trueskill_pollitt","cold","selection","vectorized",28,0.003540873
91,"trueskill_pollitt","cold","selection","vectorized",29,0.003550242
91,"trueskill_pollitt","cold","selection","vectorized",30,0.003756982
91,"trueskill_pollitt","cold","trajectory","scalar",1,8.869
91,"trueskill_pollitt","cold","trajectory","vectorized",1,8.55699999999999
91,"trueskill_pollitt","cold","trajectory","vectorized",2,8.52699999999999
91,"trueskill_pollitt","cold","trajectory","scalar",2,8.91300000000001
91,"trueskill_pollitt","cold","trajectory","scalar",3,8.83399999999997
91,"trueskill_pollitt","cold","trajectory","vectorized",3,8.51799999999997
91,"trueskill_p50","heterogeneous","scoring","scalar",1,0.003617933
91,"trueskill_p50","heterogeneous","scoring","scalar",2,0.003285712
91,"trueskill_p50","heterogeneous","scoring","scalar",3,0.003281062
91,"trueskill_p50","heterogeneous","scoring","scalar",4,0.003436582
91,"trueskill_p50","heterogeneous","scoring","scalar",5,0.003256712
91,"trueskill_p50","heterogeneous","scoring","scalar",6,0.003290822
91,"trueskill_p50","heterogeneous","scoring","scalar",7,0.003284772
91,"trueskill_p50","heterogeneous","scoring","scalar",8,0.003370622
91,"trueskill_p50","heterogeneous","scoring","scalar",9,0.003395722
91,"trueskill_p50","heterogeneous","scoring","scalar",10,0.004127733
91,"trueskill_p50","heterogeneous","scoring","scalar",11,0.004598683
91,"trueskill_p50","heterogeneous","scoring","scalar",12,0.003548652
91,"trueskill_p50","heterogeneous","scoring","scalar",13,0.003429732
91,"trueskill_p50","heterogeneous","scoring","scalar",14,0.003520612
91,"trueskill_p50","heterogeneous","scoring","scalar",15,0.003493163
91,"trueskill_p50","heterogeneous","scoring","scalar",16,0.003391812
91,"trueskill_p50","heterogeneous","scoring","scalar",17,0.003423952
91,"trueskill_p50","heterogeneous","scoring","scalar",18,0.008138135
91,"trueskill_p50","heterogeneous","scoring","scalar",19,0.003337862
91,"trueskill_p50","heterogeneous","scoring","scalar",20,0.003275062
91,"trueskill_p50","heterogeneous","scoring","scalar",21,0.003272602
91,"trueskill_p50","heterogeneous","scoring","scalar",22,0.003282462
91,"trueskill_p50","heterogeneous","scoring","scalar",23,0.003278282
91,"trueskill_p50","heterogeneous","scoring","scalar",24,0.003265472
91,"trueskill_p50","heterogeneous","scoring","scalar",25,0.003299362
91,"trueskill_p50","heterogeneous","scoring","scalar",26,0.003353112
91,"trueskill_p50","heterogeneous","scoring","scalar",27,0.003405572
91,"trueskill_p50","heterogeneous","scoring","scalar",28,0.004295252
91,"trueskill_p50","heterogeneous","scoring","scalar",29,0.004482103
91,"trueskill_p50","heterogeneous","scoring","scalar",30,0.003334312
91,"trueskill_p50","heterogeneous","scoring","scalar",31,0.003369072
91,"trueskill_p50","heterogeneous","scoring","scalar",32,0.003362852
91,"trueskill_p50","heterogeneous","scoring","scalar",33,0.003372643
91,"trueskill_p50","heterogeneous","scoring","scalar",34,0.003333592
91,"trueskill_p50","heterogeneous","scoring","scalar",35,0.003340422
91,"trueskill_p50","heterogeneous","scoring","scalar",36,0.007640115
91,"trueskill_p50","heterogeneous","scoring","scalar",37,0.003294192
91,"trueskill_p50","heterogeneous","scoring","scalar",38,0.003293252
91,"trueskill_p50","heterogeneous","scoring","scalar",39,0.003298412
91,"trueskill_p50","heterogeneous","scoring","scalar",40,0.003260842
91,"trueskill_p50","heterogeneous","scoring","scalar",41,0.003260122
91,"trueskill_p50","heterogeneous","scoring","scalar",42,0.003268342
91,"trueskill_p50","heterogeneous","scoring","scalar",43,0.003329222
91,"trueskill_p50","heterogeneous","scoring","scalar",44,0.003352502
91,"trueskill_p50","heterogeneous","scoring","scalar",45,0.003494282
91,"trueskill_p50","heterogeneous","scoring","scalar",46,0.004519113
91,"trueskill_p50","heterogeneous","scoring","scalar",47,0.004353453
91,"trueskill_p50","heterogeneous","scoring","scalar",48,0.003347762
91,"trueskill_p50","heterogeneous","scoring","scalar",49,0.003321622
91,"trueskill_p50","heterogeneous","scoring","scalar",50,0.003373712
91,"trueskill_p50","heterogeneous","scoring","scalar",51,0.003380252
91,"trueskill_p50","heterogeneous","scoring","scalar",52,0.003365442
91,"trueskill_p50","heterogeneous","scoring","scalar",53,0.003342802
91,"trueskill_p50","heterogeneous","scoring","scalar",54,0.007845385
91,"trueskill_p50","heterogeneous","scoring","scalar",55,0.003346902
91,"trueskill_p50","heterogeneous","scoring","scalar",56,0.003260512
91,"trueskill_p50","heterogeneous","scoring","scalar",57,0.003270202
91,"trueskill_p50","heterogeneous","scoring","scalar",58,0.003278912
91,"trueskill_p50","heterogeneous","scoring","scalar",59,0.003253372
91,"trueskill_p50","heterogeneous","scoring","scalar",60,0.003272342
91,"trueskill_p50","heterogeneous","scoring","scalar",61,0.003360582
91,"trueskill_p50","heterogeneous","scoring","scalar",62,0.003315612
91,"trueskill_p50","heterogeneous","scoring","scalar",63,0.003516362
91,"trueskill_p50","heterogeneous","scoring","scalar",64,0.004530053
91,"trueskill_p50","heterogeneous","scoring","scalar",65,0.004257173
91,"trueskill_p50","heterogeneous","scoring","scalar",66,0.003321922
91,"trueskill_p50","heterogeneous","scoring","scalar",67,0.003355022
91,"trueskill_p50","heterogeneous","scoring","scalar",68,0.003406772
91,"trueskill_p50","heterogeneous","scoring","scalar",69,0.003350902
91,"trueskill_p50","heterogeneous","scoring","scalar",70,0.003346132
91,"trueskill_p50","heterogeneous","scoring","scalar",71,0.003343962
91,"trueskill_p50","heterogeneous","scoring","scalar",72,0.007725505
91,"trueskill_p50","heterogeneous","scoring","scalar",73,0.003296272
91,"trueskill_p50","heterogeneous","scoring","scalar",74,0.003289122
91,"trueskill_p50","heterogeneous","scoring","scalar",75,0.003280422
91,"trueskill_p50","heterogeneous","scoring","scalar",76,0.003300722
91,"trueskill_p50","heterogeneous","scoring","scalar",77,0.003261842
91,"trueskill_p50","heterogeneous","scoring","scalar",78,0.003273322
91,"trueskill_p50","heterogeneous","scoring","scalar",79,0.003402053
91,"trueskill_p50","heterogeneous","scoring","scalar",80,0.003445902
91,"trueskill_p50","heterogeneous","scoring","scalar",81,0.003682462
91,"trueskill_p50","heterogeneous","scoring","scalar",82,0.004622523
91,"trueskill_p50","heterogeneous","scoring","scalar",83,0.004211743
91,"trueskill_p50","heterogeneous","scoring","scalar",84,0.003467252
91,"trueskill_p50","heterogeneous","scoring","scalar",85,0.003346032
91,"trueskill_p50","heterogeneous","scoring","scalar",86,0.003453992
91,"trueskill_p50","heterogeneous","scoring","scalar",87,0.003355442
91,"trueskill_p50","heterogeneous","scoring","scalar",88,0.003347452
91,"trueskill_p50","heterogeneous","scoring","scalar",89,0.003356872
91,"trueskill_p50","heterogeneous","scoring","scalar",90,0.007991965
91,"trueskill_p50","heterogeneous","scoring","scalar",91,0.003329242
91,"trueskill_p50","heterogeneous","scoring","scalar",92,0.003296562
91,"trueskill_p50","heterogeneous","scoring","scalar",93,0.003278263
91,"trueskill_p50","heterogeneous","scoring","scalar",94,0.003287212
91,"trueskill_p50","heterogeneous","scoring","scalar",95,0.003291982
91,"trueskill_p50","heterogeneous","scoring","scalar",96,0.003279412
91,"trueskill_p50","heterogeneous","scoring","scalar",97,0.003426522
91,"trueskill_p50","heterogeneous","scoring","scalar",98,0.003261132
91,"trueskill_p50","heterogeneous","scoring","scalar",99,0.003678932
91,"trueskill_p50","heterogeneous","scoring","scalar",100,0.004548703
91,"trueskill_p50","heterogeneous","scoring","vectorized",1,6.499e-05
91,"trueskill_p50","heterogeneous","scoring","vectorized",2,5.733e-05
91,"trueskill_p50","heterogeneous","scoring","vectorized",3,5.264e-05
91,"trueskill_p50","heterogeneous","scoring","vectorized",4,5.665e-05
91,"trueskill_p50","heterogeneous","scoring","vectorized",5,4.992e-05
91,"trueskill_p50","heterogeneous","scoring","vectorized",6,4.885e-05
91,"trueskill_p50","heterogeneous","scoring","vectorized",7,4.793e-05
91,"trueskill_p50","heterogeneous","scoring","vectorized",8,4.553e-05
91,"trueskill_p50","heterogeneous","scoring","vectorized",9,4.576e-05
91,"trueskill_p50","heterogeneous","scoring","vectorized",10,5.664e-05
91,"trueskill_p50","heterogeneous","scoring","vectorized",11,6.527e-05
91,"trueskill_p50","heterogeneous","scoring","vectorized",12,4.636e-05
91,"trueskill_p50","heterogeneous","scoring","vectorized",13,4.572e-05
91,"trueskill_p50","heterogeneous","scoring","vectorized",14,4.823e-05
91,"trueskill_p50","heterogeneous","scoring","vectorized",15,4.636e-05
91,"trueskill_p50","heterogeneous","scoring","vectorized",16,4.761e-05
91,"trueskill_p50","heterogeneous","scoring","vectorized",17,4.697e-05
91,"trueskill_p50","heterogeneous","scoring","vectorized",18,5.635e-05
91,"trueskill_p50","heterogeneous","scoring","vectorized",19,4.553e-05
91,"trueskill_p50","heterogeneous","scoring","vectorized",20,4.224e-05
91,"trueskill_p50","heterogeneous","scoring","vectorized",21,4.807e-05
91,"trueskill_p50","heterogeneous","scoring","vectorized",22,4.073e-05
91,"trueskill_p50","heterogeneous","scoring","vectorized",23,4.526e-05
91,"trueskill_p50","heterogeneous","scoring","vectorized",24,4.129e-05
91,"trueskill_p50","heterogeneous","scoring","vectorized",25,4.37e-05
91,"trueskill_p50","heterogeneous","scoring","vectorized",26,4.1231e-05
91,"trueskill_p50","heterogeneous","scoring","vectorized",27,4.186e-05
91,"trueskill_p50","heterogeneous","scoring","vectorized",28,4.963e-05
91,"trueskill_p50","heterogeneous","scoring","vectorized",29,4.999e-05
91,"trueskill_p50","heterogeneous","scoring","vectorized",30,3.928e-05
91,"trueskill_p50","heterogeneous","scoring","vectorized",31,4.15e-05
91,"trueskill_p50","heterogeneous","scoring","vectorized",32,4.007e-05
91,"trueskill_p50","heterogeneous","scoring","vectorized",33,4.141e-05
91,"trueskill_p50","heterogeneous","scoring","vectorized",34,4.033e-05
91,"trueskill_p50","heterogeneous","scoring","vectorized",35,4.099e-05
91,"trueskill_p50","heterogeneous","scoring","vectorized",36,4.391e-05
91,"trueskill_p50","heterogeneous","scoring","vectorized",37,4.231e-05
91,"trueskill_p50","heterogeneous","scoring","vectorized",38,4.207e-05
91,"trueskill_p50","heterogeneous","scoring","vectorized",39,4.158e-05
91,"trueskill_p50","heterogeneous","scoring","vectorized",40,4.035e-05
91,"trueskill_p50","heterogeneous","scoring","vectorized",41,4.074e-05
91,"trueskill_p50","heterogeneous","scoring","vectorized",42,4.285e-05
91,"trueskill_p50","heterogeneous","scoring","vectorized",43,4.097e-05
91,"trueskill_p50","heterogeneous","scoring","vectorized",44,4.589e-05
91,"trueskill_p50","heterogeneous","scoring","vectorized",45,5.236e-05
91,"trueskill_p50","heterogeneous","scoring","vectorized",46,4.649e-05
91,"trueskill_p50","heterogeneous","scoring","vectorized",47,4.243e-05
91,"trueskill_p50","heterogeneous","scoring","vectorized",48,4.062e-05
91,"trueskill_p50","heterogeneous","scoring","vectorized",49,4.071e-05
91,"trueskill_p50","heterogeneous","scoring","vectorized",50,4.164e-05
91,"trueskill_p50","heterogeneous","scoring","vectorized",51,4.092e-05
91,"trueskill_p50","heterogeneous","scoring","vectorized",52,4.183e-05
91,"trueskill_p50","heterogeneous","scoring","vectorized",53,4.041e-05
91,"trueskill_p50","heterogeneous","scoring","vectorized",54,4.546e-05
91,"trueskill_p50","heterogeneous","scoring","vectorized",55,4.409e-05
91,"trueskill_p50","heterogeneous","scoring","vectorized",56,4.0871e-05
91,"trueskill_p50","heterogeneous","scoring","vectorized",57,4.666e-05
91,"trueskill_p50","heterogeneous","scoring","vectorized",58,3.962e-05
91,"trueskill_p50","heterogeneous","scoring","vectorized",59,4.045e-05
91,"trueskill_p50","heterogeneous","scoring","vectorized",60,4.043e-05
91,"trueskill_p50","heterogeneous","scoring","vectorized",61,4.329e-05
91,"trueskill_p50","heterogeneous","scoring","vectorized",62,4.117e-05
91,"trueskill_p50","heterogeneous","scoring","vectorized",63,4.064e-05
91,"trueskill_p50","heterogeneous","scoring","vectorized",64,4.459e-05
91,"trueskill_p50","heterogeneous","scoring","vectorized",65,4.37e-05
91,"trueskill_p50","heterogeneous","scoring","vectorized",66,4.045e-05
91,"trueskill_p50","heterogeneous","scoring","vectorized",67,4.034e-05
91,"trueskill_p50","heterogeneous","scoring","vectorized",68,4.141e-05
91,"trueskill_p50","heterogeneous","scoring","vectorized",69,4.167e-05
91,"trueskill_p50","heterogeneous","scoring","vectorized",70,4.001e-05
91,"trueskill_p50","heterogeneous","scoring","vectorized",71,4.002e-05
91,"trueskill_p50","heterogeneous","scoring","vectorized",72,4.601e-05
91,"trueskill_p50","heterogeneous","scoring","vectorized",73,4.405e-05
91,"trueskill_p50","heterogeneous","scoring","vectorized",74,4.294e-05
91,"trueskill_p50","heterogeneous","scoring","vectorized",75,4.083e-05
91,"trueskill_p50","heterogeneous","scoring","vectorized",76,4.059e-05
91,"trueskill_p50","heterogeneous","scoring","vectorized",77,4.197e-05
91,"trueskill_p50","heterogeneous","scoring","vectorized",78,4.183e-05
91,"trueskill_p50","heterogeneous","scoring","vectorized",79,4.512e-05
91,"trueskill_p50","heterogeneous","scoring","vectorized",80,4.318e-05
91,"trueskill_p50","heterogeneous","scoring","vectorized",81,5.571e-05
91,"trueskill_p50","heterogeneous","scoring","vectorized",82,5.496e-05
91,"trueskill_p50","heterogeneous","scoring","vectorized",83,4.375e-05
91,"trueskill_p50","heterogeneous","scoring","vectorized",84,4.555e-05
91,"trueskill_p50","heterogeneous","scoring","vectorized",85,4.461e-05
91,"trueskill_p50","heterogeneous","scoring","vectorized",86,4.402e-05
91,"trueskill_p50","heterogeneous","scoring","vectorized",87,4.338e-05
91,"trueskill_p50","heterogeneous","scoring","vectorized",88,4.58e-05
91,"trueskill_p50","heterogeneous","scoring","vectorized",89,4.02e-05
91,"trueskill_p50","heterogeneous","scoring","vectorized",90,4.633e-05
91,"trueskill_p50","heterogeneous","scoring","vectorized",91,4.543e-05
91,"trueskill_p50","heterogeneous","scoring","vectorized",92,4.266e-05
91,"trueskill_p50","heterogeneous","scoring","vectorized",93,4.241e-05
91,"trueskill_p50","heterogeneous","scoring","vectorized",94,4.232e-05
91,"trueskill_p50","heterogeneous","scoring","vectorized",95,4.106e-05
91,"trueskill_p50","heterogeneous","scoring","vectorized",96,4.178e-05
91,"trueskill_p50","heterogeneous","scoring","vectorized",97,4.078e-05
91,"trueskill_p50","heterogeneous","scoring","vectorized",98,4.051e-05
91,"trueskill_p50","heterogeneous","scoring","vectorized",99,4.798e-05
91,"trueskill_p50","heterogeneous","scoring","vectorized",100,4.907e-05
91,"trueskill_p50","heterogeneous","selection","scalar",1,0.008177125
91,"trueskill_p50","heterogeneous","selection","scalar",2,0.007041685
91,"trueskill_p50","heterogeneous","selection","scalar",3,0.007000374
91,"trueskill_p50","heterogeneous","selection","scalar",4,0.007152535
91,"trueskill_p50","heterogeneous","selection","scalar",5,0.008682266
91,"trueskill_p50","heterogeneous","selection","scalar",6,0.007287025
91,"trueskill_p50","heterogeneous","selection","scalar",7,0.008718416
91,"trueskill_p50","heterogeneous","selection","scalar",8,0.011763397
91,"trueskill_p50","heterogeneous","selection","scalar",9,0.007645694
91,"trueskill_p50","heterogeneous","selection","scalar",10,0.007073314
91,"trueskill_p50","heterogeneous","selection","scalar",11,0.007141185
91,"trueskill_p50","heterogeneous","selection","scalar",12,0.008516205
91,"trueskill_p50","heterogeneous","selection","scalar",13,0.007069084
91,"trueskill_p50","heterogeneous","selection","scalar",14,0.007119315
91,"trueskill_p50","heterogeneous","selection","scalar",15,0.007115014
91,"trueskill_p50","heterogeneous","selection","scalar",16,0.007026244
91,"trueskill_p50","heterogeneous","selection","scalar",17,0.006944185
91,"trueskill_p50","heterogeneous","selection","scalar",18,0.007002804
91,"trueskill_p50","heterogeneous","selection","scalar",19,0.007747325
91,"trueskill_p50","heterogeneous","selection","scalar",20,0.007937855
91,"trueskill_p50","heterogeneous","selection","scalar",21,0.007079675
91,"trueskill_p50","heterogeneous","selection","scalar",22,0.007156024
91,"trueskill_p50","heterogeneous","selection","scalar",23,0.011623998
91,"trueskill_p50","heterogeneous","selection","scalar",24,0.007030164
91,"trueskill_p50","heterogeneous","selection","scalar",25,0.006975865
91,"trueskill_p50","heterogeneous","selection","scalar",26,0.007069014
91,"trueskill_p50","heterogeneous","selection","scalar",27,0.009863117
91,"trueskill_p50","heterogeneous","selection","scalar",28,0.007785565
91,"trueskill_p50","heterogeneous","selection","scalar",29,0.007146524
91,"trueskill_p50","heterogeneous","selection","scalar",30,0.011932728
91,"trueskill_p50","heterogeneous","selection","vectorized",1,0.003767612
91,"trueskill_p50","heterogeneous","selection","vectorized",2,0.003544102
91,"trueskill_p50","heterogeneous","selection","vectorized",3,0.003594452
91,"trueskill_p50","heterogeneous","selection","vectorized",4,0.004079902
91,"trueskill_p50","heterogeneous","selection","vectorized",5,0.003648612
91,"trueskill_p50","heterogeneous","selection","vectorized",6,0.004578142
91,"trueskill_p50","heterogeneous","selection","vectorized",7,0.003605952
91,"trueskill_p50","heterogeneous","selection","vectorized",8,0.003546803
91,"trueskill_p50","heterogeneous","selection","vectorized",9,0.003895033
91,"trueskill_p50","heterogeneous","selection","vectorized",10,0.003477352
91,"trueskill_p50","heterogeneous","selection","vectorized",11,0.003543972
91,"trueskill_p50","heterogeneous","selection","vectorized",12,0.004379753
91,"trueskill_p50","heterogeneous","selection","vectorized",13,0.003507132
91,"trueskill_p50","heterogeneous","selection","vectorized",14,0.003531862
91,"trueskill_p50","heterogeneous","selection","vectorized",15,0.008562496
91,"trueskill_p50","heterogeneous","selection","vectorized",16,0.003489322
91,"trueskill_p50","heterogeneous","selection","vectorized",17,0.003462162
91,"trueskill_p50","heterogeneous","selection","vectorized",18,0.003786962
91,"trueskill_p50","heterogeneous","selection","vectorized",19,0.004536153
91,"trueskill_p50","heterogeneous","selection","vectorized",20,0.003516952
91,"trueskill_p50","heterogeneous","selection","vectorized",21,0.003566862
91,"trueskill_p50","heterogeneous","selection","vectorized",22,0.003536242
91,"trueskill_p50","heterogeneous","selection","vectorized",23,0.003489682
91,"trueskill_p50","heterogeneous","selection","vectorized",24,0.003522052
91,"trueskill_p50","heterogeneous","selection","vectorized",25,0.003525332
91,"trueskill_p50","heterogeneous","selection","vectorized",26,0.003755542
91,"trueskill_p50","heterogeneous","selection","vectorized",27,0.003637722
91,"trueskill_p50","heterogeneous","selection","vectorized",28,0.003504792
91,"trueskill_p50","heterogeneous","selection","vectorized",29,0.003540982
91,"trueskill_p50","heterogeneous","selection","vectorized",30,0.003559932
91,"trueskill_p50","heterogeneous","trajectory","scalar",1,8.93399999999997
91,"trueskill_p50","heterogeneous","trajectory","vectorized",1,8.57900000000001
91,"trueskill_p50","heterogeneous","trajectory","vectorized",2,8.48700000000002
91,"trueskill_p50","heterogeneous","trajectory","scalar",2,8.97099999999995
91,"trueskill_p50","heterogeneous","trajectory","scalar",3,8.90999999999997
91,"trueskill_p50","heterogeneous","trajectory","vectorized",3,8.512
91,"trueskill_pollitt","heterogeneous","scoring","scalar",1,0.003574442
91,"trueskill_pollitt","heterogeneous","scoring","scalar",2,0.003266762
91,"trueskill_pollitt","heterogeneous","scoring","scalar",3,0.003274433
91,"trueskill_pollitt","heterogeneous","scoring","scalar",4,0.003265212
91,"trueskill_pollitt","heterogeneous","scoring","scalar",5,0.003251912
91,"trueskill_pollitt","heterogeneous","scoring","scalar",6,0.003272712
91,"trueskill_pollitt","heterogeneous","scoring","scalar",7,0.003326452
91,"trueskill_pollitt","heterogeneous","scoring","scalar",8,0.003350212
91,"trueskill_pollitt","heterogeneous","scoring","scalar",9,0.003393802
91,"trueskill_pollitt","heterogeneous","scoring","scalar",10,0.004124263
91,"trueskill_pollitt","heterogeneous","scoring","scalar",11,0.004530492
91,"trueskill_pollitt","heterogeneous","scoring","scalar",12,0.003523263
91,"trueskill_pollitt","heterogeneous","scoring","scalar",13,0.003376462
91,"trueskill_pollitt","heterogeneous","scoring","scalar",14,0.003389152
91,"trueskill_pollitt","heterogeneous","scoring","scalar",15,0.003416152
91,"trueskill_pollitt","heterogeneous","scoring","scalar",16,0.003387842
91,"trueskill_pollitt","heterogeneous","scoring","scalar",17,0.003391392
91,"trueskill_pollitt","heterogeneous","scoring","scalar",18,0.007889055
91,"trueskill_pollitt","heterogeneous","scoring","scalar",19,0.003320092
91,"trueskill_pollitt","heterogeneous","scoring","scalar",20,0.003261242
91,"trueskill_pollitt","heterogeneous","scoring","scalar",21,0.003233202
91,"trueskill_pollitt","heterogeneous","scoring","scalar",22,0.003257852
91,"trueskill_pollitt","heterogeneous","scoring","scalar",23,0.003248552
91,"trueskill_pollitt","heterogeneous","scoring","scalar",24,0.003267792
91,"trueskill_pollitt","heterogeneous","scoring","scalar",25,0.003342792
91,"trueskill_pollitt","heterogeneous","scoring","scalar",26,0.003352192
91,"trueskill_pollitt","heterogeneous","scoring","scalar",27,0.003412552
91,"trueskill_pollitt","heterogeneous","scoring","scalar",28,0.004315063
91,"trueskill_pollitt","heterogeneous","scoring","scalar",29,0.004427732
91,"trueskill_pollitt","heterogeneous","scoring","scalar",30,0.003349762
91,"trueskill_pollitt","heterogeneous","scoring","scalar",31,0.003317752
91,"trueskill_pollitt","heterogeneous","scoring","scalar",32,0.003373602
91,"trueskill_pollitt","heterogeneous","scoring","scalar",33,0.003373362
91,"trueskill_pollitt","heterogeneous","scoring","scalar",34,0.003404782
91,"trueskill_pollitt","heterogeneous","scoring","scalar",35,0.003383952
91,"trueskill_pollitt","heterogeneous","scoring","scalar",36,0.008494195
91,"trueskill_pollitt","heterogeneous","scoring","scalar",37,0.003321912
91,"trueskill_pollitt","heterogeneous","scoring","scalar",38,0.003248583
91,"trueskill_pollitt","heterogeneous","scoring","scalar",39,0.003248372
91,"trueskill_pollitt","heterogeneous","scoring","scalar",40,0.003318472
91,"trueskill_pollitt","heterogeneous","scoring","scalar",41,0.003230752
91,"trueskill_pollitt","heterogeneous","scoring","scalar",42,0.003259122
91,"trueskill_pollitt","heterogeneous","scoring","scalar",43,0.003353332
91,"trueskill_pollitt","heterogeneous","scoring","scalar",44,0.003302402
91,"trueskill_pollitt","heterogeneous","scoring","scalar",45,0.003425722
91,"trueskill_pollitt","heterogeneous","scoring","scalar",46,0.004459483
91,"trueskill_pollitt","heterogeneous","scoring","scalar",47,0.004300103
91,"trueskill_pollitt","heterogeneous","scoring","scalar",48,0.003284692
91,"trueskill_pollitt","heterogeneous","scoring","scalar",49,0.003328752
91,"trueskill_pollitt","heterogeneous","scoring","scalar",50,0.003351902
91,"trueskill_pollitt","heterogeneous","scoring","scalar",51,0.003365782
91,"trueskill_pollitt","heterogeneous","scoring","scalar",52,0.003391182
91,"trueskill_pollitt","heterogeneous","scoring","scalar",53,0.003373212
91,"trueskill_pollitt","heterogeneous","scoring","scalar",54,0.007863875
91,"trueskill_pollitt","heterogeneous","scoring","scalar",55,0.003275812
91,"trueskill_pollitt","heterogeneous","scoring","scalar",56,0.003255082
91,"trueskill_pollitt","heterogeneous","scoring","scalar",57,0.003458012
91,"trueskill_pollitt","heterogeneous","scoring","scalar",58,0.003266722
91,"trueskill_pollitt","heterogeneous","scoring","scalar",59,0.003235732
91,"trueskill_pollitt","heterogeneous","scoring","scalar",60,0.003289082
91,"trueskill_pollitt","heterogeneous","scoring","scalar",61,0.003362362
91,"trueskill_pollitt","heterogeneous","scoring","scalar",62,0.003321912
91,"trueskill_pollitt","heterogeneous","scoring","scalar",63,0.003497112
91,"trueskill_pollitt","heterogeneous","scoring","scalar",64,0.004524893
91,"trueskill_pollitt","heterogeneous","scoring","scalar",65,0.004225492
91,"trueskill_pollitt","heterogeneous","scoring","scalar",66,0.003324972
91,"trueskill_pollitt","heterogeneous","scoring","scalar",67,0.003307523
91,"trueskill_pollitt","heterogeneous","scoring","scalar",68,0.003382552
91,"trueskill_pollitt","heterogeneous","scoring","scalar",69,0.003374422
91,"trueskill_pollitt","heterogeneous","scoring","scalar",70,0.003381032
91,"trueskill_pollitt","heterogeneous","scoring","scalar",71,0.003386592
91,"trueskill_pollitt","heterogeneous","scoring","scalar",72,0.007932905
91,"trueskill_pollitt","heterogeneous","scoring","scalar",73,0.003280922
91,"trueskill_pollitt","heterogeneous","scoring","scalar",74,0.003260742
91,"trueskill_pollitt","heterogeneous","scoring","scalar",75,0.003250482
91,"trueskill_pollitt","heterogeneous","scoring","scalar",76,0.003489782
91,"trueskill_pollitt","heterogeneous","scoring","scalar",77,0.003326672
91,"trueskill_pollitt","heterogeneous","scoring","scalar",78,0.003271842
91,"trueskill_pollitt","heterogeneous","scoring","scalar",79,0.003424113
91,"trueskill_pollitt","heterogeneous","scoring","scalar",80,0.003282822
91,"trueskill_pollitt","heterogeneous","scoring","scalar",81,0.003638382
91,"trueskill_pollitt","heterogeneous","scoring","scalar",82,0.004572073
91,"trueskill_pollitt","heterogeneous","scoring","scalar",83,0.004149892
91,"trueskill_pollitt","heterogeneous","scoring","scalar",84,0.003334453
91,"trueskill_pollitt","heterogeneous","scoring","scalar",85,0.003363712
91,"trueskill_pollitt","heterogeneous","scoring","scalar",86,0.003416152
91,"trueskill_pollitt","heterogeneous","scoring","scalar",87,0.003382492
91,"trueskill_pollitt","heterogeneous","scoring","scalar",88,0.003392432
91,"trueskill_pollitt","heterogeneous","scoring","scalar",89,0.003372652
91,"trueskill_pollitt","heterogeneous","scoring","scalar",90,0.007924245
91,"trueskill_pollitt","heterogeneous","scoring","scalar",91,0.003298262
91,"trueskill_pollitt","heterogeneous","scoring","scalar",92,0.003264362
91,"trueskill_pollitt","heterogeneous","scoring","scalar",93,0.003279772
91,"trueskill_pollitt","heterogeneous","scoring","scalar",94,0.003252662
91,"trueskill_pollitt","heterogeneous","scoring","scalar",95,0.003271852
91,"trueskill_pollitt","heterogeneous","scoring","scalar",96,0.003271812
91,"trueskill_pollitt","heterogeneous","scoring","scalar",97,0.003447463
91,"trueskill_pollitt","heterogeneous","scoring","scalar",98,0.003258922
91,"trueskill_pollitt","heterogeneous","scoring","scalar",99,0.003689832
91,"trueskill_pollitt","heterogeneous","scoring","scalar",100,0.004534313
91,"trueskill_pollitt","heterogeneous","scoring","vectorized",1,9.372e-05
91,"trueskill_pollitt","heterogeneous","scoring","vectorized",2,6.01e-05
91,"trueskill_pollitt","heterogeneous","scoring","vectorized",3,5.224e-05
91,"trueskill_pollitt","heterogeneous","scoring","vectorized",4,5.002e-05
91,"trueskill_pollitt","heterogeneous","scoring","vectorized",5,4.959e-05
91,"trueskill_pollitt","heterogeneous","scoring","vectorized",6,5.383e-05
91,"trueskill_pollitt","heterogeneous","scoring","vectorized",7,4.837e-05
91,"trueskill_pollitt","heterogeneous","scoring","vectorized",8,4.516e-05
91,"trueskill_pollitt","heterogeneous","scoring","vectorized",9,5.591e-05
91,"trueskill_pollitt","heterogeneous","scoring","vectorized",10,6.489e-05
91,"trueskill_pollitt","heterogeneous","scoring","vectorized",11,4.629e-05
91,"trueskill_pollitt","heterogeneous","scoring","vectorized",12,4.681e-05
91,"trueskill_pollitt","heterogeneous","scoring","vectorized",13,4.34e-05
91,"trueskill_pollitt","heterogeneous","scoring","vectorized",14,4.898e-05
91,"trueskill_pollitt","heterogeneous","scoring","vectorized",15,4.514e-05
91,"trueskill_pollitt","heterogeneous","scoring","vectorized",16,4.486e-05
91,"trueskill_pollitt","heterogeneous","scoring","vectorized",17,4.219e-05
91,"trueskill_pollitt","heterogeneous","scoring","vectorized",18,4.708e-05
91,"trueskill_pollitt","heterogeneous","scoring","vectorized",19,4.347e-05
91,"trueskill_pollitt","heterogeneous","scoring","vectorized",20,5.06e-05
91,"trueskill_pollitt","heterogeneous","scoring","vectorized",21,4.237e-05
91,"trueskill_pollitt","heterogeneous","scoring","vectorized",22,4.226e-05
91,"trueskill_pollitt","heterogeneous","scoring","vectorized",23,4.2241e-05
91,"trueskill_pollitt","heterogeneous","scoring","vectorized",24,4.827e-05
91,"trueskill_pollitt","heterogeneous","scoring","vectorized",25,4.151e-05
91,"trueskill_pollitt","heterogeneous","scoring","vectorized",26,4.542e-05
91,"trueskill_pollitt","heterogeneous","scoring","vectorized",27,4.214e-05
91,"trueskill_pollitt","heterogeneous","scoring","vectorized",28,7.174e-05
91,"trueskill_pollitt","heterogeneous","scoring","vectorized",29,5.061e-05
91,"trueskill_pollitt","heterogeneous","scoring","vectorized",30,4.3421e-05
91,"trueskill_pollitt","heterogeneous","scoring","vectorized",31,4.198e-05
91,"trueskill_pollitt","heterogeneous","scoring","vectorized",32,4.461e-05
91,"trueskill_pollitt","heterogeneous","scoring","vectorized",33,4.214e-05
91,"trueskill_pollitt","heterogeneous","scoring","vectorized",34,4.26e-05
91,"trueskill_pollitt","heterogeneous","scoring","vectorized",35,4.216e-05
91,"trueskill_pollitt","heterogeneous","scoring","vectorized",36,5.716e-05
91,"trueskill_pollitt","heterogeneous","scoring","vectorized",37,5.042e-05
91,"trueskill_pollitt","heterogeneous","scoring","vectorized",38,5.067e-05
91,"trueskill_pollitt","heterogeneous","scoring","vectorized",39,4.508e-05
91,"trueskill_pollitt","heterogeneous","scoring","vectorized",40,4.875e-05
91,"trueskill_pollitt","heterogeneous","scoring","vectorized",41,4.464e-05
91,"trueskill_pollitt","heterogeneous","scoring","vectorized",42,4.344e-05
91,"trueskill_pollitt","heterogeneous","scoring","vectorized",43,4.579e-05
91,"trueskill_pollitt","heterogeneous","scoring","vectorized",44,4.173e-05
91,"trueskill_pollitt","heterogeneous","scoring","vectorized",45,5.572e-05
91,"trueskill_pollitt","heterogeneous","scoring","vectorized",46,5.126e-05
91,"trueskill_pollitt","heterogeneous","scoring","vectorized",47,4.405e-05
91,"trueskill_pollitt","heterogeneous","scoring","vectorized",48,4.039e-05
91,"trueskill_pollitt","heterogeneous","scoring","vectorized",49,4.846e-05
91,"trueskill_pollitt","heterogeneous","scoring","vectorized",50,4.554e-05
91,"trueskill_pollitt","heterogeneous","scoring","vectorized",51,4.062e-05
91,"trueskill_pollitt","heterogeneous","scoring","vectorized",52,4.202e-05
91,"trueskill_pollitt","heterogeneous","scoring","vectorized",53,4.23e-05
91,"trueskill_pollitt","heterogeneous","scoring","vectorized",54,4.663e-05
91,"trueskill_pollitt","heterogeneous","scoring","vectorized",55,4.323e-05
91,"trueskill_pollitt","heterogeneous","scoring","vectorized",56,4.29e-05
91,"trueskill_pollitt","heterogeneous","scoring","vectorized",57,4.488e-05
91,"trueskill_pollitt","heterogeneous","scoring","vectorized",58,5.24e-05
91,"trueskill_pollitt","heterogeneous","scoring","vectorized",59,4.151e-05
91,"trueskill_pollitt","heterogeneous","scoring","vectorized",60,4.1651e-05
91,"trueskill_pollitt","heterogeneous","scoring","vectorized",61,4.215e-05
91,"trueskill_pollitt","heterogeneous","scoring","vectorized",62,4.263e-05
91,"trueskill_pollitt","heterogeneous","scoring","vectorized",63,4.383e-05
91,"trueskill_pollitt","heterogeneous","scoring","vectorized",64,4.226e-05
91,"trueskill_pollitt","heterogeneous","scoring","vectorized",65,4.193e-05
91,"trueskill_pollitt","heterogeneous","scoring","vectorized",66,4.14e-05
91,"trueskill_pollitt","heterogeneous","scoring","vectorized",67,4.206e-05
91,"trueskill_pollitt","heterogeneous","scoring","vectorized",68,4.442e-05
91,"trueskill_pollitt","heterogeneous","scoring","vectorized",69,4.2e-05
91,"trueskill_pollitt","heterogeneous","scoring","vectorized",70,4.259e-05
91,"trueskill_pollitt","heterogeneous","scoring","vectorized",71,4.11e-05
91,"trueskill_pollitt","heterogeneous","scoring","vectorized",72,4.623e-05
91,"trueskill_pollitt","heterogeneous","scoring","vectorized",73,4.243e-05
91,"trueskill_pollitt","heterogeneous","scoring","vectorized",74,4.186e-05
91,"trueskill_pollitt","heterogeneous","scoring","vectorized",75,4.148e-05
91,"trueskill_pollitt","heterogeneous","scoring","vectorized",76,4.591e-05
91,"trueskill_pollitt","heterogeneous","scoring","vectorized",77,5.148e-05
91,"trueskill_pollitt","heterogeneous","scoring","vectorized",78,4.289e-05
91,"trueskill_pollitt","heterogeneous","scoring","vectorized",79,4.242e-05
91,"trueskill_pollitt","heterogeneous","scoring","vectorized",80,4.254e-05
91,"trueskill_pollitt","heterogeneous","scoring","vectorized",81,4.883e-05
91,"trueskill_pollitt","heterogeneous","scoring","vectorized",82,4.313e-05
91,"trueskill_pollitt","heterogeneous","scoring","vectorized",83,4.22e-05
91,"trueskill_pollitt","heterogeneous","scoring","vectorized",84,4.224e-05
91,"trueskill_pollitt","heterogeneous","scoring","vectorized",85,4.402e-05
91,"trueskill_pollitt","heterogeneous","scoring","vectorized",86,4.149e-05
91,"trueskill_pollitt","heterogeneous","scoring","vectorized",87,4.279e-05
91,"trueskill_pollitt","heterogeneous","scoring","vectorized",88,4.135e-05
91,"trueskill_pollitt","heterogeneous","scoring","vectorized",89,4.179e-05
91,"trueskill_pollitt","heterogeneous","scoring","vectorized",90,4.606e-05
91,"trueskill_pollitt","heterogeneous","scoring","vectorized",91,4.467e-05
91,"trueskill_pollitt","heterogeneous","scoring","vectorized",92,4.341e-05
91,"trueskill_pollitt","heterogeneous","scoring","vectorized",93,4.503e-05
91,"trueskill_pollitt","heterogeneous","scoring","vectorized",94,4.251e-05
91,"trueskill_pollitt","heterogeneous","scoring","vectorized",95,4.142e-05
91,"trueskill_pollitt","heterogeneous","scoring","vectorized",96,4.434e-05
91,"trueskill_pollitt","heterogeneous","scoring","vectorized",97,4.843e-05
91,"trueskill_pollitt","heterogeneous","scoring","vectorized",98,4.206e-05
91,"trueskill_pollitt","heterogeneous","scoring","vectorized",99,5.038e-05
91,"trueskill_pollitt","heterogeneous","scoring","vectorized",100,5.437e-05
91,"trueskill_pollitt","heterogeneous","selection","scalar",1,0.008164135
91,"trueskill_pollitt","heterogeneous","selection","scalar",2,0.007121784
91,"trueskill_pollitt","heterogeneous","selection","scalar",3,0.006992945
91,"trueskill_pollitt","heterogeneous","selection","scalar",4,0.007357505
91,"trueskill_pollitt","heterogeneous","selection","scalar",5,0.009654206
91,"trueskill_pollitt","heterogeneous","selection","scalar",6,0.007172695
91,"trueskill_pollitt","heterogeneous","selection","scalar",7,0.007181605
91,"trueskill_pollitt","heterogeneous","selection","scalar",8,0.011911437
91,"trueskill_pollitt","heterogeneous","selection","scalar",9,0.006989875
91,"trueskill_pollitt","heterogeneous","selection","scalar",10,0.006968644
91,"trueskill_pollitt","heterogeneous","selection","scalar",11,0.007156345
91,"trueskill_pollitt","heterogeneous","selection","scalar",12,0.008659435
91,"trueskill_pollitt","heterogeneous","selection","scalar",13,0.007061424
91,"trueskill_pollitt","heterogeneous","selection","scalar",14,0.007200544
91,"trueskill_pollitt","heterogeneous","selection","scalar",15,0.007083845
91,"trueskill_pollitt","heterogeneous","selection","scalar",16,0.007076844
91,"trueskill_pollitt","heterogeneous","selection","scalar",17,0.006982844
91,"trueskill_pollitt","heterogeneous","selection","scalar",18,0.007099304
91,"trueskill_pollitt","heterogeneous","selection","scalar",19,0.007658325
91,"trueskill_pollitt","heterogeneous","selection","scalar",20,0.007786415
91,"trueskill_pollitt","heterogeneous","selection","scalar",21,0.007103204
91,"trueskill_pollitt","heterogeneous","selection","scalar",22,0.007146925
91,"trueskill_pollitt","heterogeneous","selection","scalar",23,0.011812717
91,"trueskill_pollitt","heterogeneous","selection","scalar",24,0.006974574
91,"trueskill_pollitt","heterogeneous","selection","scalar",25,0.006981214
91,"trueskill_pollitt","heterogeneous","selection","scalar",26,0.007139584
91,"trueskill_pollitt","heterogeneous","selection","scalar",27,0.008905746
91,"trueskill_pollitt","heterogeneous","selection","scalar",28,0.007165925
91,"trueskill_pollitt","heterogeneous","selection","scalar",29,0.007167174
91,"trueskill_pollitt","heterogeneous","selection","scalar",30,0.012254657
91,"trueskill_pollitt","heterogeneous","selection","vectorized",1,0.003718143
91,"trueskill_pollitt","heterogeneous","selection","vectorized",2,0.003625402
91,"trueskill_pollitt","heterogeneous","selection","vectorized",3,0.003625712
91,"trueskill_pollitt","heterogeneous","selection","vectorized",4,0.004158132
91,"trueskill_pollitt","heterogeneous","selection","vectorized",5,0.003647662
91,"trueskill_pollitt","heterogeneous","selection","vectorized",6,0.003643282
91,"trueskill_pollitt","heterogeneous","selection","vectorized",7,0.003582612
91,"trueskill_pollitt","heterogeneous","selection","vectorized",8,0.003524992
91,"trueskill_pollitt","heterogeneous","selection","vectorized",9,0.003499452
91,"trueskill_pollitt","heterogeneous","selection","vectorized",10,0.003505972
91,"trueskill_pollitt","heterogeneous","selection","vectorized",11,0.003642602
91,"trueskill_pollitt","heterogeneous","selection","vectorized",12,0.004087373
91,"trueskill_pollitt","heterogeneous","selection","vectorized",13,0.003586383
91,"trueskill_pollitt","heterogeneous","selection","vectorized",14,0.003558352
91,"trueskill_pollitt","heterogeneous","selection","vectorized",15,0.008039295
91,"trueskill_pollitt","heterogeneous","selection","vectorized",16,0.003495522
91,"trueskill_pollitt","heterogeneous","selection","vectorized",17,0.003492783
91,"trueskill_pollitt","heterogeneous","selection","vectorized",18,0.003548852
91,"trueskill_pollitt","heterogeneous","selection","vectorized",19,0.004458313
91,"trueskill_pollitt","heterogeneous","selection","vectorized",20,0.003534912
91,"trueskill_pollitt","heterogeneous","selection","vectorized",21,0.003592072
91,"trueskill_pollitt","heterogeneous","selection","vectorized",22,0.003603502
91,"trueskill_pollitt","heterogeneous","selection","vectorized",23,0.003523253
91,"trueskill_pollitt","heterogeneous","selection","vectorized",24,0.003528482
91,"trueskill_pollitt","heterogeneous","selection","vectorized",25,0.003630623
91,"trueskill_pollitt","heterogeneous","selection","vectorized",26,0.003868712
91,"trueskill_pollitt","heterogeneous","selection","vectorized",27,0.003550642
91,"trueskill_pollitt","heterogeneous","selection","vectorized",28,0.003640352
91,"trueskill_pollitt","heterogeneous","selection","vectorized",29,0.003552753
91,"trueskill_pollitt","heterogeneous","selection","vectorized",30,0.003680142
91,"trueskill_pollitt","heterogeneous","trajectory","scalar",1,8.85700000000003
91,"trueskill_pollitt","heterogeneous","trajectory","vectorized",1,8.58600000000001
91,"trueskill_pollitt","heterogeneous","trajectory","vectorized",2,8.53500000000003
91,"trueskill_pollitt","heterogeneous","trajectory","scalar",2,8.94400000000002
91,"trueskill_pollitt","heterogeneous","trajectory","scalar",3,8.85900000000004
91,"trueskill_pollitt","heterogeneous","trajectory","vectorized",3,8.53499999999997
229,"trueskill_p50","cold","scoring","scalar",1,0.009334576
229,"trueskill_p50","cold","scoring","scalar",2,0.009118346
229,"trueskill_p50","cold","scoring","scalar",3,0.009277836
229,"trueskill_p50","cold","scoring","scalar",4,0.010308836
229,"trueskill_p50","cold","scoring","scalar",5,0.010695867
229,"trueskill_p50","cold","scoring","scalar",6,0.009456766
229,"trueskill_p50","cold","scoring","scalar",7,0.009294005
229,"trueskill_p50","cold","scoring","scalar",8,0.014199269
229,"trueskill_p50","cold","scoring","scalar",9,0.009104646
229,"trueskill_p50","cold","scoring","scalar",10,0.009205916
229,"trueskill_p50","cold","scoring","scalar",11,0.009995286
229,"trueskill_p50","cold","scoring","scalar",12,0.010873637
229,"trueskill_p50","cold","scoring","scalar",13,0.009512166
229,"trueskill_p50","cold","scoring","scalar",14,0.009441766
229,"trueskill_p50","cold","scoring","scalar",15,0.013970048
229,"trueskill_p50","cold","scoring","scalar",16,0.009121236
229,"trueskill_p50","cold","scoring","scalar",17,0.009224166
229,"trueskill_p50","cold","scoring","scalar",18,0.009682626
229,"trueskill_p50","cold","scoring","scalar",19,0.011265697
229,"trueskill_p50","cold","scoring","scalar",20,0.009417256
229,"trueskill_p50","cold","scoring","scalar",21,0.009738176
229,"trueskill_p50","cold","scoring","scalar",22,0.013913148
229,"trueskill_p50","cold","scoring","scalar",23,0.009087956
229,"trueskill_p50","cold","scoring","scalar",24,0.009225626
229,"trueskill_p50","cold","scoring","scalar",25,0.009513966
229,"trueskill_p50","cold","scoring","scalar",26,0.011475067
229,"trueskill_p50","cold","scoring","scalar",27,0.009567336
229,"trueskill_p50","cold","scoring","scalar",28,0.009435286
229,"trueskill_p50","cold","scoring","scalar",29,0.014259669
229,"trueskill_p50","cold","scoring","scalar",30,0.009186325
229,"trueskill_p50","cold","scoring","scalar",31,0.009201986
229,"trueskill_p50","cold","scoring","scalar",32,0.009529786
229,"trueskill_p50","cold","scoring","scalar",33,0.011613977
229,"trueskill_p50","cold","scoring","scalar",34,0.009407756
229,"trueskill_p50","cold","scoring","scalar",35,0.009420436
229,"trueskill_p50","cold","scoring","scalar",36,0.014052289
229,"trueskill_p50","cold","scoring","scalar",37,0.009163655
229,"trueskill_p50","cold","scoring","scalar",38,0.009250106
229,"trueskill_p50","cold","scoring","scalar",39,0.009559016
229,"trueskill_p50","cold","scoring","scalar",40,0.011705757
229,"trueskill_p50","cold","scoring","scalar",41,0.009340156
229,"trueskill_p50","cold","scoring","scalar",42,0.009678106
229,"trueskill_p50","cold","scoring","scalar",43,0.017403551
229,"trueskill_p50","cold","scoring","scalar",44,0.009109306
229,"trueskill_p50","cold","scoring","scalar",45,0.009174155
229,"trueskill_p50","cold","scoring","scalar",46,0.009444275
229,"trueskill_p50","cold","scoring","scalar",47,0.011558288
229,"trueskill_p50","cold","scoring","scalar",48,0.009502446
229,"trueskill_p50","cold","scoring","scalar",49,0.009459065
229,"trueskill_p50","cold","scoring","scalar",50,0.014291469
229,"trueskill_p50","cold","scoring","scalar",51,0.009195356
229,"trueskill_p50","cold","scoring","scalar",52,0.009260316
229,"trueskill_p50","cold","scoring","scalar",53,0.009406086
229,"trueskill_p50","cold","scoring","scalar",54,0.011333767
229,"trueskill_p50","cold","scoring","scalar",55,0.009774256
229,"trueskill_p50","cold","scoring","scalar",56,0.009684066
229,"trueskill_p50","cold","scoring","scalar",57,0.014849199
229,"trueskill_p50","cold","scoring","scalar",58,0.009207376
229,"trueskill_p50","cold","scoring","scalar",59,0.009214276
229,"trueskill_p50","cold","scoring","scalar",60,0.009345225
229,"trueskill_p50","cold","scoring","scalar",61,0.010857927
229,"trueskill_p50","cold","scoring","scalar",62,0.010122317
229,"trueskill_p50","cold","scoring","scalar",63,0.009497095
229,"trueskill_p50","cold","scoring","scalar",64,0.014025899
229,"trueskill_p50","cold","scoring","scalar",65,0.009522246
229,"trueskill_p50","cold","scoring","scalar",66,0.009096736
229,"trueskill_p50","cold","scoring","scalar",67,0.009302136
229,"trueskill_p50","cold","scoring","scalar",68,0.010587196
229,"trueskill_p50","cold","scoring","scalar",69,0.010346227
229,"trueskill_p50","cold","scoring","scalar",70,0.010128046
229,"trueskill_p50","cold","scoring","scalar",71,0.009825866
229,"trueskill_p50","cold","scoring","scalar",72,0.014172589
229,"trueskill_p50","cold","scoring","scalar",73,0.009798056
229,"trueskill_p50","cold","scoring","scalar",74,0.009366896
229,"trueskill_p50","cold","scoring","scalar",75,0.010500536
229,"trueskill_p50","cold","scoring","scalar",76,0.010633447
229,"trueskill_p50","cold","scoring","scalar",77,0.009395866
229,"trueskill_p50","cold","scoring","scalar",78,0.009917026
229,"trueskill_p50","cold","scoring","scalar",79,0.013871239
229,"trueskill_p50","cold","scoring","scalar",80,0.008993945
229,"trueskill_p50","cold","scoring","scalar",81,0.009243156
229,"trueskill_p50","cold","scoring","scalar",82,0.009798126
229,"trueskill_p50","cold","scoring","scalar",83,0.010929587
229,"trueskill_p50","cold","scoring","scalar",84,0.009369686
229,"trueskill_p50","cold","scoring","scalar",85,0.010544726
229,"trueskill_p50","cold","scoring","scalar",86,0.01459746
229,"trueskill_p50","cold","scoring","scalar",87,0.010310486
229,"trueskill_p50","cold","scoring","scalar",88,0.009929206
229,"trueskill_p50","cold","scoring","scalar",89,0.009523126
229,"trueskill_p50","cold","scoring","scalar",90,0.011336277
229,"trueskill_p50","cold","scoring","scalar",91,0.009635186
229,"trueskill_p50","cold","scoring","scalar",92,0.009372356
229,"trueskill_p50","cold","scoring","scalar",93,0.013944989
229,"trueskill_p50","cold","scoring","scalar",94,0.009161475
229,"trueskill_p50","cold","scoring","scalar",95,0.009134776
229,"trueskill_p50","cold","scoring","scalar",96,0.009377526
229,"trueskill_p50","cold","scoring","scalar",97,0.011545907
229,"trueskill_p50","cold","scoring","scalar",98,0.009313266
229,"trueskill_p50","cold","scoring","scalar",99,0.009600016
229,"trueskill_p50","cold","scoring","scalar",100,0.014137499
229,"trueskill_p50","cold","scoring","vectorized",1,8.013e-05
229,"trueskill_p50","cold","scoring","vectorized",2,6.697e-05
229,"trueskill_p50","cold","scoring","vectorized",3,6.744e-05
229,"trueskill_p50","cold","scoring","vectorized",4,7.006e-05
229,"trueskill_p50","cold","scoring","vectorized",5,6.226e-05
229,"trueskill_p50","cold","scoring","vectorized",6,6.124e-05
229,"trueskill_p50","cold","scoring","vectorized",7,5.764e-05
229,"trueskill_p50","cold","scoring","vectorized",8,6.084e-05
229,"trueskill_p50","cold","scoring","vectorized",9,6.223e-05
229,"trueskill_p50","cold","scoring","vectorized",10,6.155e-05
229,"trueskill_p50","cold","scoring","vectorized",11,6.123e-05
229,"trueskill_p50","cold","scoring","vectorized",12,5.355e-05
229,"trueskill_p50","cold","scoring","vectorized",13,5.533e-05
229,"trueskill_p50","cold","scoring","vectorized",14,5.717e-05
229,"trueskill_p50","cold","scoring","vectorized",15,5.703e-05
229,"trueskill_p50","cold","scoring","vectorized",16,5.451e-05
229,"trueskill_p50","cold","scoring","vectorized",17,5.399e-05
229,"trueskill_p50","cold","scoring","vectorized",18,5.925e-05
229,"trueskill_p50","cold","scoring","vectorized",19,5.261e-05
229,"trueskill_p50","cold","scoring","vectorized",20,5.209e-05
229,"trueskill_p50","cold","scoring","vectorized",21,5.19e-05
229,"trueskill_p50","cold","scoring","vectorized",22,5.41e-05
229,"trueskill_p50","cold","scoring","vectorized",23,5.183e-05
229,"trueskill_p50","cold","scoring","vectorized",24,5.152e-05
229,"trueskill_p50","cold","scoring","vectorized",25,5.412e-05
229,"trueskill_p50","cold","scoring","vectorized",26,5.129e-05
229,"trueskill_p50","cold","scoring","vectorized",27,5.844e-05
229,"trueskill_p50","cold","scoring","vectorized",28,5.408e-05
229,"trueskill_p50","cold","scoring","vectorized",29,5.93e-05
229,"trueskill_p50","cold","scoring","vectorized",30,5.39e-05
229,"trueskill_p50","cold","scoring","vectorized",31,5.655e-05
229,"trueskill_p50","cold","scoring","vectorized",32,5.252e-05
229,"trueskill_p50","cold","scoring","vectorized",33,5.627e-05
229,"trueskill_p50","cold","scoring","vectorized",34,5.415e-05
229,"trueskill_p50","cold","scoring","vectorized",35,5.115e-05
229,"trueskill_p50","cold","scoring","vectorized",36,5.477e-05
229,"trueskill_p50","cold","scoring","vectorized",37,5.405e-05
229,"trueskill_p50","cold","scoring","vectorized",38,5.42e-05
229,"trueskill_p50","cold","scoring","vectorized",39,5.931e-05
229,"trueskill_p50","cold","scoring","vectorized",40,5.254e-05
229,"trueskill_p50","cold","scoring","vectorized",41,5.345e-05
229,"trueskill_p50","cold","scoring","vectorized",42,5.748e-05
229,"trueskill_p50","cold","scoring","vectorized",43,6.484e-05
229,"trueskill_p50","cold","scoring","vectorized",44,5.917e-05
229,"trueskill_p50","cold","scoring","vectorized",45,5.6581e-05
229,"trueskill_p50","cold","scoring","vectorized",46,5.8e-05
229,"trueskill_p50","cold","scoring","vectorized",47,5.855e-05
229,"trueskill_p50","cold","scoring","vectorized",48,5.762e-05
229,"trueskill_p50","cold","scoring","vectorized",49,6.074e-05
229,"trueskill_p50","cold","scoring","vectorized",50,5.772e-05
229,"trueskill_p50","cold","scoring","vectorized",51,5.672e-05
229,"trueskill_p50","cold","scoring","vectorized",52,5.75e-05
229,"trueskill_p50","cold","scoring","vectorized",53,5.661e-05
229,"trueskill_p50","cold","scoring","vectorized",54,6.654e-05
229,"trueskill_p50","cold","scoring","vectorized",55,5.534e-05
229,"trueskill_p50","cold","scoring","vectorized",56,6.224e-05
229,"trueskill_p50","cold","scoring","vectorized",57,6.145e-05
229,"trueskill_p50","cold","scoring","vectorized",58,5.788e-05
229,"trueskill_p50","cold","scoring","vectorized",59,5.566e-05
229,"trueskill_p50","cold","scoring","vectorized",60,5.459e-05
229,"trueskill_p50","cold","scoring","vectorized",61,7.797e-05
229,"trueskill_p50","cold","scoring","vectorized",62,5.341e-05
229,"trueskill_p50","cold","scoring","vectorized",63,5.364e-05
229,"trueskill_p50","cold","scoring","vectorized",64,5.782e-05
229,"trueskill_p50","cold","scoring","vectorized",65,5.469e-05
229,"trueskill_p50","cold","scoring","vectorized",66,5.177e-05
229,"trueskill_p50","cold","scoring","vectorized",67,5.208e-05
229,"trueskill_p50","cold","scoring","vectorized",68,6.077e-05
229,"trueskill_p50","cold","scoring","vectorized",69,5.678e-05
229,"trueskill_p50","cold","scoring","vectorized",70,7.432e-05
229,"trueskill_p50","cold","scoring","vectorized",71,5.688e-05
229,"trueskill_p50","cold","scoring","vectorized",72,6.458e-05
229,"trueskill_p50","cold","scoring","vectorized",73,7.128e-05
229,"trueskill_p50","cold","scoring","vectorized",74,5.698e-05
229,"trueskill_p50","cold","scoring","vectorized",75,7.373e-05
229,"trueskill_p50","cold","scoring","vectorized",76,5.389e-05
229,"trueskill_p50","cold","scoring","vectorized",77,5.497e-05
229,"trueskill_p50","cold","scoring","vectorized",78,5.68e-05
229,"trueskill_p50","cold","scoring","vectorized",79,5.808e-05
229,"trueskill_p50","cold","scoring","vectorized",80,5.434e-05
229,"trueskill_p50","cold","scoring","vectorized",81,5.373e-05
229,"trueskill_p50","cold","scoring","vectorized",82,5.288e-05
229,"trueskill_p50","cold","scoring","vectorized",83,5.156e-05
229,"trueskill_p50","cold","scoring","vectorized",84,5.316e-05
229,"trueskill_p50","cold","scoring","vectorized",85,6.851e-05
229,"trueskill_p50","cold","scoring","vectorized",86,6.406e-05
229,"trueskill_p50","cold","scoring","vectorized",87,8.565e-05
229,"trueskill_p50","cold","scoring","vectorized",88,5.956e-05
229,"trueskill_p50","cold","scoring","vectorized",89,6.124e-05
229,"trueskill_p50","cold","scoring","vectorized",90,5.793e-05
229,"trueskill_p50","cold","scoring","vectorized",91,5.738e-05
229,"trueskill_p50","cold","scoring","vectorized",92,5.554e-05
229,"trueskill_p50","cold","scoring","vectorized",93,5.451e-05
229,"trueskill_p50","cold","scoring","vectorized",94,5.589e-05
229,"trueskill_p50","cold","scoring","vectorized",95,5.678e-05
229,"trueskill_p50","cold","scoring","vectorized",96,6.024e-05
229,"trueskill_p50","cold","scoring","vectorized",97,5.371e-05
229,"trueskill_p50","cold","scoring","vectorized",98,5.478e-05
229,"trueskill_p50","cold","scoring","vectorized",99,5.751e-05
229,"trueskill_p50","cold","scoring","vectorized",100,5.573e-05
229,"trueskill_p50","cold","selection","scalar",1,0.014624279
229,"trueskill_p50","cold","selection","scalar",2,0.013503049
229,"trueskill_p50","cold","selection","scalar",3,0.01601109
229,"trueskill_p50","cold","selection","scalar",4,0.013772699
229,"trueskill_p50","cold","selection","scalar",5,0.018689622
229,"trueskill_p50","cold","selection","scalar",6,0.013281718
229,"trueskill_p50","cold","selection","scalar",7,0.013680978
229,"trueskill_p50","cold","selection","scalar",8,0.015257569
229,"trueskill_p50","cold","selection","scalar",9,0.014180118
229,"trueskill_p50","cold","selection","scalar",10,0.018701071
229,"trueskill_p50","cold","selection","scalar",11,0.013459688
229,"trueskill_p50","cold","selection","scalar",12,0.01579426
229,"trueskill_p50","cold","selection","scalar",13,0.013677518
229,"trueskill_p50","cold","selection","scalar",14,0.018983622
229,"trueskill_p50","cold","selection","scalar",15,0.013338269
229,"trueskill_p50","cold","selection","scalar",16,0.013749958
229,"trueskill_p50","cold","selection","scalar",17,0.015403209
229,"trueskill_p50","cold","selection","scalar",18,0.013797888
229,"trueskill_p50","cold","selection","scalar",19,0.018288511
229,"trueskill_p50","cold","selection","scalar",20,0.013451719
229,"trueskill_p50","cold","selection","scalar",21,0.01567872
229,"trueskill_p50","cold","selection","scalar",22,0.013638808
229,"trueskill_p50","cold","selection","scalar",23,0.018629751
229,"trueskill_p50","cold","selection","scalar",24,0.013292318
229,"trueskill_p50","cold","selection","scalar",25,0.013976709
229,"trueskill_p50","cold","selection","scalar",26,0.01554014
229,"trueskill_p50","cold","selection","scalar",27,0.013890319
229,"trueskill_p50","cold","selection","scalar",28,0.018408982
229,"trueskill_p50","cold","selection","scalar",29,0.013345688
229,"trueskill_p50","cold","selection","scalar",30,0.015688309
229,"trueskill_p50","cold","selection","vectorized",1,0.003843582
229,"trueskill_p50","cold","selection","vectorized",2,0.003811472
229,"trueskill_p50","cold","selection","vectorized",3,0.003809742
229,"trueskill_p50","cold","selection","vectorized",4,0.003706452
229,"trueskill_p50","cold","selection","vectorized",5,0.003689572
229,"trueskill_p50","cold","selection","vectorized",6,0.003692163
229,"trueskill_p50","cold","selection","vectorized",7,0.004387963
229,"trueskill_p50","cold","selection","vectorized",8,0.003641043
229,"trueskill_p50","cold","selection","vectorized",9,0.003871913
229,"trueskill_p50","cold","selection","vectorized",10,0.003695233
229,"trueskill_p50","cold","selection","vectorized",11,0.003752812
229,"trueskill_p50","cold","selection","vectorized",12,0.003760783
229,"trueskill_p50","cold","selection","vectorized",13,0.003693062
229,"trueskill_p50","cold","selection","vectorized",14,0.003699822
229,"trueskill_p50","cold","selection","vectorized",15,0.003642712
229,"trueskill_p50","cold","selection","vectorized",16,0.004068303
229,"trueskill_p50","cold","selection","vectorized",17,0.003747283
229,"trueskill_p50","cold","selection","vectorized",18,0.003721923
229,"trueskill_p50","cold","selection","vectorized",19,0.003675732
229,"trueskill_p50","cold","selection","vectorized",20,0.003744092
229,"trueskill_p50","cold","selection","vectorized",21,0.003876792
229,"trueskill_p50","cold","selection","vectorized",22,0.003681853
229,"trueskill_p50","cold","selection","vectorized",23,0.003712803
229,"trueskill_p50","cold","selection","vectorized",24,0.003618352
229,"trueskill_p50","cold","selection","vectorized",25,0.004106622
229,"trueskill_p50","cold","selection","vectorized",26,0.003714912
229,"trueskill_p50","cold","selection","vectorized",27,0.003706732
229,"trueskill_p50","cold","selection","vectorized",28,0.003861532
229,"trueskill_p50","cold","selection","vectorized",29,0.003745173
229,"trueskill_p50","cold","selection","vectorized",30,0.004093603
229,"trueskill_p50","cold","trajectory","scalar",1,25.156
229,"trueskill_p50","cold","trajectory","vectorized",1,22.179
229,"trueskill_p50","cold","trajectory","vectorized",2,22.1679999999999
229,"trueskill_p50","cold","trajectory","scalar",2,24.91
229,"trueskill_p50","cold","trajectory","scalar",3,24.944
229,"trueskill_p50","cold","trajectory","vectorized",3,22.186
229,"trueskill_pollitt","cold","scoring","scalar",1,0.009483156
229,"trueskill_pollitt","cold","scoring","scalar",2,0.009117355
229,"trueskill_pollitt","cold","scoring","scalar",3,0.009288786
229,"trueskill_pollitt","cold","scoring","scalar",4,0.010263466
229,"trueskill_pollitt","cold","scoring","scalar",5,0.010626526
229,"trueskill_pollitt","cold","scoring","scalar",6,0.009424476
229,"trueskill_pollitt","cold","scoring","scalar",7,0.009289276
229,"trueskill_pollitt","cold","scoring","scalar",8,0.014423069
229,"trueskill_pollitt","cold","scoring","scalar",9,0.009126575
229,"trueskill_pollitt","cold","scoring","scalar",10,0.009233585
229,"trueskill_pollitt","cold","scoring","scalar",11,0.010050397
229,"trueskill_pollitt","cold","scoring","scalar",12,0.010982616
229,"trueskill_pollitt","cold","scoring","scalar",13,0.009456756
229,"trueskill_pollitt","cold","scoring","scalar",14,0.009528006
229,"trueskill_pollitt","cold","scoring","scalar",15,0.014158899
229,"trueskill_pollitt","cold","scoring","scalar",16,0.009127756
229,"trueskill_pollitt","cold","scoring","scalar",17,0.009235345
229,"trueskill_pollitt","cold","scoring","scalar",18,0.010365286
229,"trueskill_pollitt","cold","scoring","scalar",19,0.011310177
229,"trueskill_pollitt","cold","scoring","scalar",20,0.009480556
229,"trueskill_pollitt","cold","scoring","scalar",21,0.009396346
229,"trueskill_pollitt","cold","scoring","scalar",22,0.014271489
229,"trueskill_pollitt","cold","scoring","scalar",23,0.009185945
229,"trueskill_pollitt","cold","scoring","scalar",24,0.009239096
229,"trueskill_pollitt","cold","scoring","scalar",25,0.009511626
229,"trueskill_pollitt","cold","scoring","scalar",26,0.011488017
229,"trueskill_pollitt","cold","scoring","scalar",27,0.009437386
229,"trueskill_pollitt","cold","scoring","scalar",28,0.009488086
229,"trueskill_pollitt","cold","scoring","scalar",29,0.014153339
229,"trueskill_pollitt","cold","scoring","scalar",30,0.009424686
229,"trueskill_pollitt","cold","scoring","scalar",31,0.009137145
229,"trueskill_pollitt","cold","scoring","scalar",32,0.009445886
229,"trueskill_pollitt","cold","scoring","scalar",33,0.011558197
229,"trueskill_pollitt","cold","scoring","scalar",34,0.009497425
229,"trueskill_pollitt","cold","scoring","scalar",35,0.009692136
229,"trueskill_pollitt","cold","scoring","scalar",36,0.014467768
229,"trueskill_pollitt","cold","scoring","scalar",37,0.009307145
229,"trueskill_pollitt","cold","scoring","scalar",38,0.009194416
229,"trueskill_pollitt","cold","scoring","scalar",39,0.009398616
229,"trueskill_pollitt","cold","scoring","scalar",40,0.011693207
229,"trueskill_pollitt","cold","scoring","scalar",41,0.009415206
229,"trueskill_pollitt","cold","scoring","scalar",42,0.009473256
229,"trueskill_pollitt","cold","scoring","scalar",43,0.014354429
229,"trueskill_pollitt","cold","scoring","scalar",44,0.009132426
229,"trueskill_pollitt","cold","scoring","scalar",45,0.009092465
229,"trueskill_pollitt","cold","scoring","scalar",46,0.009308176
229,"trueskill_pollitt","cold","scoring","scalar",47,0.011548957
229,"trueskill_pollitt","cold","scoring","scalar",48,0.009323316
229,"trueskill_pollitt","cold","scoring","scalar",49,0.009493766
229,"trueskill_pollitt","cold","scoring","scalar",50,0.013876099
229,"trueskill_pollitt","cold","scoring","scalar",51,0.009161165
229,"trueskill_pollitt","cold","scoring","scalar",52,0.009175126
229,"trueskill_pollitt","cold","scoring","scalar",53,0.009348496
229,"trueskill_pollitt","cold","scoring","scalar",54,0.011272107
229,"trueskill_pollitt","cold","scoring","scalar",55,0.009627726
229,"trueskill_pollitt","cold","scoring","scalar",56,0.009503826
229,"trueskill_pollitt","cold","scoring","scalar",57,0.014131279
229,"trueskill_pollitt","cold","scoring","scalar",58,0.009163955
229,"trueskill_pollitt","cold","scoring","scalar",59,0.009199656
229,"trueskill_pollitt","cold","scoring","scalar",60,0.009247246
229,"trueskill_pollitt","cold","scoring","scalar",61,0.010883577
229,"trueskill_pollitt","cold","scoring","scalar",62,0.009974986
229,"trueskill_pollitt","cold","scoring","scalar",63,0.009495476
229,"trueskill_pollitt","cold","scoring","scalar",64,0.014008998
229,"trueskill_pollitt","cold","scoring","scalar",65,0.009184166
229,"trueskill_pollitt","cold","scoring","scalar",66,0.009282596
229,"trueskill_pollitt","cold","scoring","scalar",67,0.009354626
229,"trueskill_pollitt","cold","scoring","scalar",68,0.010693116
229,"trueskill_pollitt","cold","scoring","scalar",69,0.010564586
229,"trueskill_pollitt","cold","scoring","scalar",70,0.009494876
229,"trueskill_pollitt","cold","scoring","scalar",71,0.014129229
229,"trueskill_pollitt","cold","scoring","scalar",72,0.009522086
229,"trueskill_pollitt","cold","scoring","scalar",73,0.009144955
229,"trueskill_pollitt","cold","scoring","scalar",74,0.009341316
229,"trueskill_pollitt","cold","scoring","scalar",75,0.010442837
229,"trueskill_pollitt","cold","scoring","scalar",76,0.010501546
229,"trueskill_pollitt","cold","scoring","scalar",77,0.009513256
229,"trueskill_pollitt","cold","scoring","scalar",78,0.009493866
229,"trueskill_pollitt","cold","scoring","scalar",79,0.013937519
229,"trueskill_pollitt","cold","scoring","scalar",80,0.009314756
229,"trueskill_pollitt","cold","scoring","scalar",81,0.009316945
229,"trueskill_pollitt","cold","scoring","scalar",82,0.010104077
229,"trueskill_pollitt","cold","scoring","scalar",83,0.010914427
229,"trueskill_pollitt","cold","scoring","scalar",84,0.009539455
229,"trueskill_pollitt","cold","scoring","scalar",85,0.009527825
229,"trueskill_pollitt","cold","scoring","scalar",86,0.014195069
229,"trueskill_pollitt","cold","scoring","scalar",87,0.009183686
229,"trueskill_pollitt","cold","scoring","scalar",88,0.009275316
229,"trueskill_pollitt","cold","scoring","scalar",89,0.009727856
229,"trueskill_pollitt","cold","scoring","scalar",90,0.011469407
229,"trueskill_pollitt","cold","scoring","scalar",91,0.009536056
229,"trueskill_pollitt","cold","scoring","scalar",92,0.009430306
229,"trueskill_pollitt","cold","scoring","scalar",93,0.014022439
229,"trueskill_pollitt","cold","scoring","scalar",94,0.009184675
229,"trueskill_pollitt","cold","scoring","scalar",95,0.009337806
229,"trueskill_pollitt","cold","scoring","scalar",96,0.009644586
229,"trueskill_pollitt","cold","scoring","scalar",97,0.011558167
229,"trueskill_pollitt","cold","scoring","scalar",98,0.009551046
229,"trueskill_pollitt","cold","scoring","scalar",99,0.009493126
229,"trueskill_pollitt","cold","scoring","scalar",100,0.014277249
229,"trueskill_pollitt","cold","scoring","vectorized",1,7.499e-05
229,"trueskill_pollitt","cold","scoring","vectorized",2,7.128e-05
229,"trueskill_pollitt","cold","scoring","vectorized",3,6.683e-05
229,"trueskill_pollitt","cold","scoring","vectorized",4,7.5351e-05
229,"trueskill_pollitt","cold","scoring","vectorized",5,6.584e-05
229,"trueskill_pollitt","cold","scoring","vectorized",6,6.227e-05
229,"trueskill_pollitt","cold","scoring","vectorized",7,6.049e-05
229,"trueskill_pollitt","cold","scoring","vectorized",8,6.89e-05
229,"trueskill_pollitt","cold","scoring","vectorized",9,6.1621e-05
229,"trueskill_pollitt","cold","scoring","vectorized",10,6.354e-05
229,"trueskill_pollitt","cold","scoring","vectorized",11,6.451e-05
229,"trueskill_pollitt","cold","scoring","vectorized",12,5.738e-05
229,"trueskill_pollitt","cold","scoring","vectorized",13,5.748e-05
229,"trueskill_pollitt","cold","scoring","vectorized",14,5.72e-05
229,"trueskill_pollitt","cold","scoring","vectorized",15,5.919e-05
229,"trueskill_pollitt","cold","scoring","vectorized",16,5.746e-05
229,"trueskill_pollitt","cold","scoring","vectorized",17,5.5621e-05
229,"trueskill_pollitt","cold","scoring","vectorized",18,6.541e-05
229,"trueskill_pollitt","cold","scoring","vectorized",19,6.205e-05
229,"trueskill_pollitt","cold","scoring","vectorized",20,6.062e-05
229,"trueskill_pollitt","cold","scoring","vectorized",21,5.903e-05
229,"trueskill_pollitt","cold","scoring","vectorized",22,5.946e-05
229,"trueskill_pollitt","cold","scoring","vectorized",23,5.896e-05
229,"trueskill_pollitt","cold","scoring","vectorized",24,5.886e-05
229,"trueskill_pollitt","cold","scoring","vectorized",25,5.806e-05
229,"trueskill_pollitt","cold","scoring","vectorized",26,5.749e-05
229,"trueskill_pollitt","cold","scoring","vectorized",27,5.259e-05
229,"trueskill_pollitt","cold","scoring","vectorized",28,5.9e-05
229,"trueskill_pollitt","cold","scoring","vectorized",29,5.319e-05
229,"trueskill_pollitt","cold","scoring","vectorized",30,5.159e-05
229,"trueskill_pollitt","cold","scoring","vectorized",31,5.295e-05
229,"trueskill_pollitt","cold","scoring","vectorized",32,5.238e-05
229,"trueskill_pollitt","cold","scoring","vectorized",33,7.0131e-05
229,"trueskill_pollitt","cold","scoring","vectorized",34,7.643e-05
229,"trueskill_pollitt","cold","scoring","vectorized",35,5.6661e-05
229,"trueskill_pollitt","cold","scoring","vectorized",36,5.7891e-05
229,"trueskill_pollitt","cold","scoring","vectorized",37,5.69e-05
229,"trueskill_pollitt","cold","scoring","vectorized",38,5.446e-05
229,"trueskill_pollitt","cold","scoring","vectorized",39,5.531e-05
229,"trueskill_pollitt","cold","scoring","vectorized",40,5.555e-05
229,"trueskill_pollitt","cold","scoring","vectorized",41,5.567e-05
229,"trueskill_pollitt","cold","scoring","vectorized",42,5.362e-05
229,"trueskill_pollitt","cold","scoring","vectorized",43,5.762e-05
229,"trueskill_pollitt","cold","scoring","vectorized",44,5.244e-05
229,"trueskill_pollitt","cold","scoring","vectorized",45,5.484e-05
229,"trueskill_pollitt","cold","scoring","vectorized",46,5.355e-05
229,"trueskill_pollitt","cold","scoring","vectorized",47,5.515e-05
229,"trueskill_pollitt","cold","scoring","vectorized",48,5.123e-05
229,"trueskill_pollitt","cold","scoring","vectorized",49,5.265e-05
229,"trueskill_pollitt","cold","scoring","vectorized",50,5.482e-05
229,"trueskill_pollitt","cold","scoring","vectorized",51,5.303e-05
229,"trueskill_pollitt","cold","scoring","vectorized",52,5.283e-05
229,"trueskill_pollitt","cold","scoring","vectorized",53,5.056e-05
229,"trueskill_pollitt","cold","scoring","vectorized",54,6.266e-05
229,"trueskill_pollitt","cold","scoring","vectorized",55,5.053e-05
229,"trueskill_pollitt","cold","scoring","vectorized",56,5.169e-05
229,"trueskill_pollitt","cold","scoring","vectorized",57,5.428e-05
229,"trueskill_pollitt","cold","scoring","vectorized",58,5.496e-05
229,"trueskill_pollitt","cold","scoring","vectorized",59,5.164e-05
229,"trueskill_pollitt","cold","scoring","vectorized",60,5.02e-05
229,"trueskill_pollitt","cold","scoring","vectorized",61,7.054e-05
229,"trueskill_pollitt","cold","scoring","vectorized",62,5.045e-05
229,"trueskill_pollitt","cold","scoring","vectorized",63,4.992e-05
229,"trueskill_pollitt","cold","scoring","vectorized",64,5.305e-05
229,"trueskill_pollitt","cold","scoring","vectorized",65,5.032e-05
229,"trueskill_pollitt","cold","scoring","vectorized",66,5.854e-05
229,"trueskill_pollitt","cold","scoring","vectorized",67,5.448e-05
229,"trueskill_pollitt","cold","scoring","vectorized",68,6.1541e-05
229,"trueskill_pollitt","cold","scoring","vectorized",69,5.444e-05
229,"trueskill_pollitt","cold","scoring","vectorized",70,5.198e-05
229,"trueskill_pollitt","cold","scoring","vectorized",71,5.846e-05
229,"trueskill_pollitt","cold","scoring","vectorized",72,5.315e-05
229,"trueskill_pollitt","cold","scoring","vectorized",73,5.286e-05
229,"trueskill_pollitt","cold","scoring","vectorized",74,5.157e-05
229,"trueskill_pollitt","cold","scoring","vectorized",75,8.033e-05
229,"trueskill_pollitt","cold","scoring","vectorized",76,5.183e-05
229,"trueskill_pollitt","cold","scoring","vectorized",77,5.213e-05
229,"trueskill_pollitt","cold","scoring","vectorized",78,5.148e-05
229,"trueskill_pollitt","cold","scoring","vectorized",79,5.387e-05
229,"trueskill_pollitt","cold","scoring","vectorized",80,6.222e-05
229,"trueskill_pollitt","cold","scoring","vectorized",81,5.404e-05
229,"trueskill_pollitt","cold","scoring","vectorized",82,5.3e-05
229,"trueskill_pollitt","cold","scoring","vectorized",83,5.129e-05
229,"trueskill_pollitt","cold","scoring","vectorized",84,5.3541e-05
229,"trueskill_pollitt","cold","scoring","vectorized",85,5.133e-05
229,"trueskill_pollitt","cold","scoring","vectorized",86,5.425e-05
229,"trueskill_pollitt","cold","scoring","vectorized",87,5.13e-05
229,"trueskill_pollitt","cold","scoring","vectorized",88,5.442e-05
229,"trueskill_pollitt","cold","scoring","vectorized",89,6.108e-05
229,"trueskill_pollitt","cold","scoring","vectorized",90,5.188e-05
229,"trueskill_pollitt","cold","scoring","vectorized",91,5.181e-05
229,"trueskill_pollitt","cold","scoring","vectorized",92,5.016e-05
229,"trueskill_pollitt","cold","scoring","vectorized",93,5.556e-05
229,"trueskill_pollitt","cold","scoring","vectorized",94,5.162e-05
229,"trueskill_pollitt","cold","scoring","vectorized",95,6.102e-05
229,"trueskill_pollitt","cold","scoring","vectorized",96,6.451e-05
229,"trueskill_pollitt","cold","scoring","vectorized",97,5.553e-05
229,"trueskill_pollitt","cold","scoring","vectorized",98,5.341e-05
229,"trueskill_pollitt","cold","scoring","vectorized",99,5.517e-05
229,"trueskill_pollitt","cold","scoring","vectorized",100,5.605e-05
229,"trueskill_pollitt","cold","selection","scalar",1,0.014416879
229,"trueskill_pollitt","cold","selection","scalar",2,0.013479549
229,"trueskill_pollitt","cold","selection","scalar",3,0.01586808
229,"trueskill_pollitt","cold","selection","scalar",4,0.013817999
229,"trueskill_pollitt","cold","selection","scalar",5,0.018615132
229,"trueskill_pollitt","cold","selection","scalar",6,0.013419058
229,"trueskill_pollitt","cold","selection","scalar",7,0.013888758
229,"trueskill_pollitt","cold","selection","scalar",8,0.015059649
229,"trueskill_pollitt","cold","selection","scalar",9,0.013786338
229,"trueskill_pollitt","cold","selection","scalar",10,0.018479692
229,"trueskill_pollitt","cold","selection","scalar",11,0.013541728
229,"trueskill_pollitt","cold","selection","scalar",12,0.01587684
229,"trueskill_pollitt","cold","selection","scalar",13,0.013776378
229,"trueskill_pollitt","cold","selection","scalar",14,0.018619901
229,"trueskill_pollitt","cold","selection","scalar",15,0.013536768
229,"trueskill_pollitt","cold","selection","scalar",16,0.013710439
229,"trueskill_pollitt","cold","selection","scalar",17,0.015127759
229,"trueskill_pollitt","cold","selection","scalar",18,0.013886939
229,"trueskill_pollitt","cold","selection","scalar",19,0.018695702
229,"trueskill_pollitt","cold","selection","scalar",20,0.013571888
229,"trueskill_pollitt","cold","selection","scalar",21,0.01577251
229,"trueskill_pollitt","cold","selection","scalar",22,0.014044509
229,"trueskill_pollitt","cold","selection","scalar",23,0.019110222
229,"trueskill_pollitt","cold","selection","scalar",24,0.013492918
229,"trueskill_pollitt","cold","selection","scalar",25,0.013868528
229,"trueskill_pollitt","cold","selection","scalar",26,0.015168949
229,"trueskill_pollitt","cold","selection","scalar",27,0.013922108
229,"trueskill_pollitt","cold","selection","scalar",28,0.018265611
229,"trueskill_pollitt","cold","selection","scalar",29,0.013579629
229,"trueskill_pollitt","cold","selection","scalar",30,0.01574715
229,"trueskill_pollitt","cold","selection","vectorized",1,0.003864682
229,"trueskill_pollitt","cold","selection","vectorized",2,0.003806422
229,"trueskill_pollitt","cold","selection","vectorized",3,0.003749592
229,"trueskill_pollitt","cold","selection","vectorized",4,0.003744992
229,"trueskill_pollitt","cold","selection","vectorized",5,0.003680292
229,"trueskill_pollitt","cold","selection","vectorized",6,0.003662523
229,"trueskill_pollitt","cold","selection","vectorized",7,0.004445863
229,"trueskill_pollitt","cold","selection","vectorized",8,0.003714543
229,"trueskill_pollitt","cold","selection","vectorized",9,0.003730352
229,"trueskill_pollitt","cold","selection","vectorized",10,0.003645862
229,"trueskill_pollitt","cold","selection","vectorized",11,0.003764363
229,"trueskill_pollitt","cold","selection","vectorized",12,0.003670582
229,"trueskill_pollitt","cold","selection","vectorized",13,0.003736923
229,"trueskill_pollitt","cold","selection","vectorized",14,0.003729343
229,"trueskill_pollitt","cold","selection","vectorized",15,0.003756242
229,"trueskill_pollitt","cold","selection","vectorized",16,0.004356153
229,"trueskill_pollitt","cold","selection","vectorized",17,0.003682382
229,"trueskill_pollitt","cold","selection","vectorized",18,0.003717142
229,"trueskill_pollitt","cold","selection","vectorized",19,0.003683882
229,"trueskill_pollitt","cold","selection","vectorized",20,0.003776013
229,"trueskill_pollitt","cold","selection","vectorized",21,0.003678222
229,"trueskill_pollitt","cold","selection","vectorized",22,0.003704622
229,"trueskill_pollitt","cold","selection","vectorized",23,0.003903122
229,"trueskill_pollitt","cold","selection","vectorized",24,0.003692893
229,"trueskill_pollitt","cold","selection","vectorized",25,0.004234263
229,"trueskill_pollitt","cold","selection","vectorized",26,0.003714753
229,"trueskill_pollitt","cold","selection","vectorized",27,0.003705223
229,"trueskill_pollitt","cold","selection","vectorized",28,0.003710512
229,"trueskill_pollitt","cold","selection","vectorized",29,0.003790412
229,"trueskill_pollitt","cold","selection","vectorized",30,0.003837902
229,"trueskill_pollitt","cold","trajectory","scalar",1,24.895
229,"trueskill_pollitt","cold","trajectory","vectorized",1,22.164
229,"trueskill_pollitt","cold","trajectory","vectorized",2,22.215
229,"trueskill_pollitt","cold","trajectory","scalar",2,24.875
229,"trueskill_pollitt","cold","trajectory","scalar",3,24.9000000000001
229,"trueskill_pollitt","cold","trajectory","vectorized",3,22.2439999999999
229,"trueskill_p50","heterogeneous","scoring","scalar",1,0.009627446
229,"trueskill_p50","heterogeneous","scoring","scalar",2,0.009114125
229,"trueskill_p50","heterogeneous","scoring","scalar",3,0.009170216
229,"trueskill_p50","heterogeneous","scoring","scalar",4,0.010552587
229,"trueskill_p50","heterogeneous","scoring","scalar",5,0.011496137
229,"trueskill_p50","heterogeneous","scoring","scalar",6,0.009429286
229,"trueskill_p50","heterogeneous","scoring","scalar",7,0.009280095
229,"trueskill_p50","heterogeneous","scoring","scalar",8,0.014088188
229,"trueskill_p50","heterogeneous","scoring","scalar",9,0.009127966
229,"trueskill_p50","heterogeneous","scoring","scalar",10,0.009161496
229,"trueskill_p50","heterogeneous","scoring","scalar",11,0.009382586
229,"trueskill_p50","heterogeneous","scoring","scalar",12,0.011519357
229,"trueskill_p50","heterogeneous","scoring","scalar",13,0.009417046
229,"trueskill_p50","heterogeneous","scoring","scalar",14,0.010010516
229,"trueskill_p50","heterogeneous","scoring","scalar",15,0.014489669
229,"trueskill_p50","heterogeneous","scoring","scalar",16,0.009065096
229,"trueskill_p50","heterogeneous","scoring","scalar",17,0.009054305
229,"trueskill_p50","heterogeneous","scoring","scalar",18,0.009338936
229,"trueskill_p50","heterogeneous","scoring","scalar",19,0.011619817
229,"trueskill_p50","heterogeneous","scoring","scalar",20,0.009408456
229,"trueskill_p50","heterogeneous","scoring","scalar",21,0.009362776
229,"trueskill_p50","heterogeneous","scoring","scalar",22,0.013994079
229,"trueskill_p50","heterogeneous","scoring","scalar",23,0.009065835
229,"trueskill_p50","heterogeneous","scoring","scalar",24,0.009064976
229,"trueskill_p50","heterogeneous","scoring","scalar",25,0.009217836
229,"trueskill_p50","heterogeneous","scoring","scalar",26,0.011659247
229,"trueskill_p50","heterogeneous","scoring","scalar",27,0.009292926
229,"trueskill_p50","heterogeneous","scoring","scalar",28,0.009315966
229,"trueskill_p50","heterogeneous","scoring","scalar",29,0.014491409
229,"trueskill_p50","heterogeneous","scoring","scalar",30,0.009147285
229,"trueskill_p50","heterogeneous","scoring","scalar",31,0.009047106
229,"trueskill_p50","heterogeneous","scoring","scalar",32,0.009238206
229,"trueskill_p50","heterogeneous","scoring","scalar",33,0.011353027
229,"trueskill_p50","heterogeneous","scoring","scalar",34,0.009550946
229,"trueskill_p50","heterogeneous","scoring","scalar",35,0.009401726
229,"trueskill_p50","heterogeneous","scoring","scalar",36,0.014082348
229,"trueskill_p50","heterogeneous","scoring","scalar",37,0.009044716
229,"trueskill_p50","heterogeneous","scoring","scalar",38,0.009077206
229,"trueskill_p50","heterogeneous","scoring","scalar",39,0.009302916
229,"trueskill_p50","heterogeneous","scoring","scalar",40,0.010895246
229,"trueskill_p50","heterogeneous","scoring","scalar",41,0.009897516
229,"trueskill_p50","heterogeneous","scoring","scalar",42,0.009454525
229,"trueskill_p50","heterogeneous","scoring","scalar",43,0.01553651
229,"trueskill_p50","heterogeneous","scoring","scalar",44,0.010026606
229,"trueskill_p50","heterogeneous","scoring","scalar",45,0.009151166
229,"trueskill_p50","heterogeneous","scoring","scalar",46,0.009307326
229,"trueskill_p50","heterogeneous","scoring","scalar",47,0.010719977
229,"trueskill_p50","heterogeneous","scoring","scalar",48,0.010224666
229,"trueskill_p50","heterogeneous","scoring","scalar",49,0.009529236
229,"trueskill_p50","heterogeneous","scoring","scalar",50,0.014090759
229,"trueskill_p50","heterogeneous","scoring","scalar",51,0.009102605
229,"trueskill_p50","heterogeneous","scoring","scalar",52,0.009225636
229,"trueskill_p50","heterogeneous","scoring","scalar",53,0.009256346
229,"trueskill_p50","heterogeneous","scoring","scalar",54,0.010403246
229,"trueskill_p50","heterogeneous","scoring","scalar",55,0.010531847
229,"trueskill_p50","heterogeneous","scoring","scalar",56,0.009377996
229,"trueskill_p50","heterogeneous","scoring","scalar",57,0.014082788
229,"trueskill_p50","heterogeneous","scoring","scalar",58,0.009769976
229,"trueskill_p50","heterogeneous","scoring","scalar",59,0.009093755
229,"trueskill_p50","heterogeneous","scoring","scalar",60,0.009242686
229,"trueskill_p50","heterogeneous","scoring","scalar",61,0.010262286
229,"trueskill_p50","heterogeneous","scoring","scalar",62,0.010822547
229,"trueskill_p50","heterogeneous","scoring","scalar",63,0.009388796
229,"trueskill_p50","heterogeneous","scoring","scalar",64,0.014180059
229,"trueskill_p50","heterogeneous","scoring","scalar",65,0.009079566
229,"trueskill_p50","heterogeneous","scoring","scalar",66,0.009060955
229,"trueskill_p50","heterogeneous","scoring","scalar",67,0.009174086
229,"trueskill_p50","heterogeneous","scoring","scalar",68,0.009770036
229,"trueskill_p50","heterogeneous","scoring","scalar",69,0.011056647
229,"trueskill_p50","heterogeneous","scoring","scalar",70,0.009380446
229,"trueskill_p50","heterogeneous","scoring","scalar",71,0.013915198
229,"trueskill_p50","heterogeneous","scoring","scalar",72,0.009524376
229,"trueskill_p50","heterogeneous","scoring","scalar",73,0.009097236
229,"trueskill_p50","heterogeneous","scoring","scalar",74,0.009205546
229,"trueskill_p50","heterogeneous","scoring","scalar",75,0.009579806
229,"trueskill_p50","heterogeneous","scoring","scalar",76,0.011395217
229,"trueskill_p50","heterogeneous","scoring","scalar",77,0.009424376
229,"trueskill_p50","heterogeneous","scoring","scalar",78,0.009471666
229,"trueskill_p50","heterogeneous","scoring","scalar",79,0.013972998
229,"trueskill_p50","heterogeneous","scoring","scalar",80,0.010475067
229,"trueskill_p50","heterogeneous","scoring","scalar",81,0.010093776
229,"trueskill_p50","heterogeneous","scoring","scalar",82,0.009390416
229,"trueskill_p50","heterogeneous","scoring","scalar",83,0.011583057
229,"trueskill_p50","heterogeneous","scoring","scalar",84,0.009527086
229,"trueskill_p50","heterogeneous","scoring","scalar",85,0.009407406
229,"trueskill_p50","heterogeneous","scoring","scalar",86,0.014296969
229,"trueskill_p50","heterogeneous","scoring","scalar",87,0.009173916
229,"trueskill_p50","heterogeneous","scoring","scalar",88,0.009106245
229,"trueskill_p50","heterogeneous","scoring","scalar",89,0.009388066
229,"trueskill_p50","heterogeneous","scoring","scalar",90,0.011561707
229,"trueskill_p50","heterogeneous","scoring","scalar",91,0.009394016
229,"trueskill_p50","heterogeneous","scoring","scalar",92,0.009395876
229,"trueskill_p50","heterogeneous","scoring","scalar",93,0.014442479
229,"trueskill_p50","heterogeneous","scoring","scalar",94,0.009026126
229,"trueskill_p50","heterogeneous","scoring","scalar",95,0.009083175
229,"trueskill_p50","heterogeneous","scoring","scalar",96,0.009258216
229,"trueskill_p50","heterogeneous","scoring","scalar",97,0.011683687
229,"trueskill_p50","heterogeneous","scoring","scalar",98,0.009386305
229,"trueskill_p50","heterogeneous","scoring","scalar",99,0.009350596
229,"trueskill_p50","heterogeneous","scoring","scalar",100,0.016842531
229,"trueskill_p50","heterogeneous","scoring","vectorized",1,8.428e-05
229,"trueskill_p50","heterogeneous","scoring","vectorized",2,7.067e-05
229,"trueskill_p50","heterogeneous","scoring","vectorized",3,6.696e-05
229,"trueskill_p50","heterogeneous","scoring","vectorized",4,7.163e-05
229,"trueskill_p50","heterogeneous","scoring","vectorized",5,6.954e-05
229,"trueskill_p50","heterogeneous","scoring","vectorized",6,6.537e-05
229,"trueskill_p50","heterogeneous","scoring","vectorized",7,6.2901e-05
229,"trueskill_p50","heterogeneous","scoring","vectorized",8,6.625e-05
229,"trueskill_p50","heterogeneous","scoring","vectorized",9,6.094e-05
229,"trueskill_p50","heterogeneous","scoring","vectorized",10,5.9e-05
229,"trueskill_p50","heterogeneous","scoring","vectorized",11,5.833e-05
229,"trueskill_p50","heterogeneous","scoring","vectorized",12,6.107e-05
229,"trueskill_p50","heterogeneous","scoring","vectorized",13,5.814e-05
229,"trueskill_p50","heterogeneous","scoring","vectorized",14,7.692e-05
229,"trueskill_p50","heterogeneous","scoring","vectorized",15,7.413e-05
229,"trueskill_p50","heterogeneous","scoring","vectorized",16,6.505e-05
229,"trueskill_p50","heterogeneous","scoring","vectorized",17,5.829e-05
229,"trueskill_p50","heterogeneous","scoring","vectorized",18,5.689e-05
229,"trueskill_p50","heterogeneous","scoring","vectorized",19,5.817e-05
229,"trueskill_p50","heterogeneous","scoring","vectorized",20,5.749e-05
229,"trueskill_p50","heterogeneous","scoring","vectorized",21,5.724e-05
229,"trueskill_p50","heterogeneous","scoring","vectorized",22,5.769e-05
229,"trueskill_p50","heterogeneous","scoring","vectorized",23,5.528e-05
229,"trueskill_p50","heterogeneous","scoring","vectorized",24,6.11e-05
229,"trueskill_p50","heterogeneous","scoring","vectorized",25,5.346e-05
229,"trueskill_p50","heterogeneous","scoring","vectorized",26,7.407e-05
229,"trueskill_p50","heterogeneous","scoring","vectorized",27,5.551e-05
229,"trueskill_p50","heterogeneous","scoring","vectorized",28,5.533e-05
229,"trueskill_p50","heterogeneous","scoring","vectorized",29,7.035e-05
229,"trueskill_p50","heterogeneous","scoring","vectorized",30,6.132e-05
229,"trueskill_p50","heterogeneous","scoring","vectorized",31,6.002e-05
229,"trueskill_p50","heterogeneous","scoring","vectorized",32,5.981e-05
229,"trueskill_p50","heterogeneous","scoring","vectorized",33,5.944e-05
229,"trueskill_p50","heterogeneous","scoring","vectorized",34,5.896e-05
229,"trueskill_p50","heterogeneous","scoring","vectorized",35,5.818e-05
229,"trueskill_p50","heterogeneous","scoring","vectorized",36,6.229e-05
229,"trueskill_p50","heterogeneous","scoring","vectorized",37,5.976e-05
229,"trueskill_p50","heterogeneous","scoring","vectorized",38,5.702e-05
229,"trueskill_p50","heterogeneous","scoring","vectorized",39,5.521e-05
229,"trueskill_p50","heterogeneous","scoring","vectorized",40,7.706e-05
229,"trueskill_p50","heterogeneous","scoring","vectorized",41,5.5911e-05
229,"trueskill_p50","heterogeneous","scoring","vectorized",42,5.277e-05
229,"trueskill_p50","heterogeneous","scoring","vectorized",43,9.098e-05
229,"trueskill_p50","heterogeneous","scoring","vectorized",44,6.301e-05
229,"trueskill_p50","heterogeneous","scoring","vectorized",45,6.26e-05
229,"trueskill_p50","heterogeneous","scoring","vectorized",46,5.913e-05
229,"trueskill_p50","heterogeneous","scoring","vectorized",47,6.312e-05
229,"trueskill_p50","heterogeneous","scoring","vectorized",48,5.761e-05
229,"trueskill_p50","heterogeneous","scoring","vectorized",49,6.06e-05
229,"trueskill_p50","heterogeneous","scoring","vectorized",50,5.943e-05
229,"trueskill_p50","heterogeneous","scoring","vectorized",51,5.742e-05
229,"trueskill_p50","heterogeneous","scoring","vectorized",52,5.531e-05
229,"trueskill_p50","heterogeneous","scoring","vectorized",53,5.687e-05
229,"trueskill_p50","heterogeneous","scoring","vectorized",54,7.631e-05
229,"trueskill_p50","heterogeneous","scoring","vectorized",55,5.712e-05
229,"trueskill_p50","heterogeneous","scoring","vectorized",56,5.631e-05
229,"trueskill_p50","heterogeneous","scoring","vectorized",57,6.1751e-05
229,"trueskill_p50","heterogeneous","scoring","vectorized",58,6.518e-05
229,"trueskill_p50","heterogeneous","scoring","vectorized",59,6.191e-05
229,"trueskill_p50","heterogeneous","scoring","vectorized",60,6.566e-05
229,"trueskill_p50","heterogeneous","scoring","vectorized",61,6.728e-05
229,"trueskill_p50","heterogeneous","scoring","vectorized",62,5.704e-05
229,"trueskill_p50","heterogeneous","scoring","vectorized",63,6.336e-05
229,"trueskill_p50","heterogeneous","scoring","vectorized",64,6.527e-05
229,"trueskill_p50","heterogeneous","scoring","vectorized",65,5.931e-05
229,"trueskill_p50","heterogeneous","scoring","vectorized",66,5.654e-05
229,"trueskill_p50","heterogeneous","scoring","vectorized",67,6.151e-05
229,"trueskill_p50","heterogeneous","scoring","vectorized",68,7.581e-05
229,"trueskill_p50","heterogeneous","scoring","vectorized",69,5.393e-05
229,"trueskill_p50","heterogeneous","scoring","vectorized",70,5.456e-05
229,"trueskill_p50","heterogeneous","scoring","vectorized",71,5.97e-05
229,"trueskill_p50","heterogeneous","scoring","vectorized",72,6.283e-05
229,"trueskill_p50","heterogeneous","scoring","vectorized",73,5.881e-05
229,"trueskill_p50","heterogeneous","scoring","vectorized",74,6.004e-05
229,"trueskill_p50","heterogeneous","scoring","vectorized",75,6.399e-05
229,"trueskill_p50","heterogeneous","scoring","vectorized",76,5.672e-05
229,"trueskill_p50","heterogeneous","scoring","vectorized",77,5.923e-05
229,"trueskill_p50","heterogeneous","scoring","vectorized",78,5.626e-05
229,"trueskill_p50","heterogeneous","scoring","vectorized",79,5.705e-05
229,"trueskill_p50","heterogeneous","scoring","vectorized",80,7.44e-05
229,"trueskill_p50","heterogeneous","scoring","vectorized",81,7.047e-05
229,"trueskill_p50","heterogeneous","scoring","vectorized",82,6.284e-05
229,"trueskill_p50","heterogeneous","scoring","vectorized",83,5.913e-05
229,"trueskill_p50","heterogeneous","scoring","vectorized",84,5.678e-05
229,"trueskill_p50","heterogeneous","scoring","vectorized",85,5.543e-05
229,"trueskill_p50","heterogeneous","scoring","vectorized",86,6.194e-05
229,"trueskill_p50","heterogeneous","scoring","vectorized",87,5.931e-05
229,"trueskill_p50","heterogeneous","scoring","vectorized",88,5.55e-05
229,"trueskill_p50","heterogeneous","scoring","vectorized",89,6.292e-05
229,"trueskill_p50","heterogeneous","scoring","vectorized",90,5.533e-05
229,"trueskill_p50","heterogeneous","scoring","vectorized",91,5.655e-05
229,"trueskill_p50","heterogeneous","scoring","vectorized",92,5.372e-05
229,"trueskill_p50","heterogeneous","scoring","vectorized",93,5.898e-05
229,"trueskill_p50","heterogeneous","scoring","vectorized",94,5.692e-05
229,"trueskill_p50","heterogeneous","scoring","vectorized",95,5.479e-05
229,"trueskill_p50","heterogeneous","scoring","vectorized",96,5.808e-05
229,"trueskill_p50","heterogeneous","scoring","vectorized",97,5.4031e-05
229,"trueskill_p50","heterogeneous","scoring","vectorized",98,5.645e-05
229,"trueskill_p50","heterogeneous","scoring","vectorized",99,5.304e-05
229,"trueskill_p50","heterogeneous","scoring","vectorized",100,6.599e-05
229,"trueskill_p50","heterogeneous","selection","scalar",1,0.014296609
229,"trueskill_p50","heterogeneous","selection","scalar",2,0.015044269
229,"trueskill_p50","heterogeneous","selection","scalar",3,0.015809679
229,"trueskill_p50","heterogeneous","selection","scalar",4,0.014232319
229,"trueskill_p50","heterogeneous","selection","scalar",5,0.020607983
229,"trueskill_p50","heterogeneous","selection","scalar",6,0.013295149
229,"trueskill_p50","heterogeneous","selection","scalar",7,0.013394718
229,"trueskill_p50","heterogeneous","selection","scalar",8,0.01568199
229,"trueskill_p50","heterogeneous","selection","scalar",9,0.013660609
229,"trueskill_p50","heterogeneous","selection","scalar",10,0.019973923
229,"trueskill_p50","heterogeneous","selection","scalar",11,0.013857209
229,"trueskill_p50","heterogeneous","selection","scalar",12,0.01619238
229,"trueskill_p50","heterogeneous","selection","scalar",13,0.014492729
229,"trueskill_p50","heterogeneous","selection","scalar",14,0.018468662
229,"trueskill_p50","heterogeneous","selection","scalar",15,0.013267548
229,"trueskill_p50","heterogeneous","selection","scalar",16,0.013424009
229,"trueskill_p50","heterogeneous","selection","scalar",17,0.01590463
229,"trueskill_p50","heterogeneous","selection","scalar",18,0.014322499
229,"trueskill_p50","heterogeneous","selection","scalar",19,0.019299902
229,"trueskill_p50","heterogeneous","selection","scalar",20,0.013243718
229,"trueskill_p50","heterogeneous","selection","scalar",21,0.014741299
229,"trueskill_p50","heterogeneous","selection","scalar",22,0.013894118
229,"trueskill_p50","heterogeneous","selection","scalar",23,0.018302382
229,"trueskill_p50","heterogeneous","selection","scalar",24,0.013303028
229,"trueskill_p50","heterogeneous","selection","scalar",25,0.013401208
229,"trueskill_p50","heterogeneous","selection","scalar",26,0.017816581
229,"trueskill_p50","heterogeneous","selection","scalar",27,0.013748288
229,"trueskill_p50","heterogeneous","selection","scalar",28,0.018248222
229,"trueskill_p50","heterogeneous","selection","scalar",29,0.013349528
229,"trueskill_p50","heterogeneous","selection","scalar",30,0.014675899
229,"trueskill_p50","heterogeneous","selection","vectorized",1,0.004075903
229,"trueskill_p50","heterogeneous","selection","vectorized",2,0.003798413
229,"trueskill_p50","heterogeneous","selection","vectorized",3,0.004488233
229,"trueskill_p50","heterogeneous","selection","vectorized",4,0.003749682
229,"trueskill_p50","heterogeneous","selection","vectorized",5,0.003727512
229,"trueskill_p50","heterogeneous","selection","vectorized",6,0.003641172
229,"trueskill_p50","heterogeneous","selection","vectorized",7,0.003759372
229,"trueskill_p50","heterogeneous","selection","vectorized",8,0.003631262
229,"trueskill_p50","heterogeneous","selection","vectorized",9,0.003639612
229,"trueskill_p50","heterogeneous","selection","vectorized",10,0.004206992
229,"trueskill_p50","heterogeneous","selection","vectorized",11,0.003677852
229,"trueskill_p50","heterogeneous","selection","vectorized",12,0.004524363
229,"trueskill_p50","heterogeneous","selection","vectorized",13,0.003966192
229,"trueskill_p50","heterogeneous","selection","vectorized",14,0.003600122
229,"trueskill_p50","heterogeneous","selection","vectorized",15,0.003608472
229,"trueskill_p50","heterogeneous","selection","vectorized",16,0.003739912
229,"trueskill_p50","heterogeneous","selection","vectorized",17,0.004423473
229,"trueskill_p50","heterogeneous","selection","vectorized",18,0.003753732
229,"trueskill_p50","heterogeneous","selection","vectorized",19,0.003703492
229,"trueskill_p50","heterogeneous","selection","vectorized",20,0.003866603
229,"trueskill_p50","heterogeneous","selection","vectorized",21,0.004370753
229,"trueskill_p50","heterogeneous","selection","vectorized",22,0.003650752
229,"trueskill_p50","heterogeneous","selection","vectorized",23,0.003606642
229,"trueskill_p50","heterogeneous","selection","vectorized",24,0.003586973
229,"trueskill_p50","heterogeneous","selection","vectorized",25,0.005316063
229,"trueskill_p50","heterogeneous","selection","vectorized",26,0.003778223
229,"trueskill_p50","heterogeneous","selection","vectorized",27,0.003685492
229,"trueskill_p50","heterogeneous","selection","vectorized",28,0.003731402
229,"trueskill_p50","heterogeneous","selection","vectorized",29,0.003673843
229,"trueskill_p50","heterogeneous","selection","vectorized",30,0.004484642
229,"trueskill_p50","heterogeneous","trajectory","scalar",1,24.86
229,"trueskill_p50","heterogeneous","trajectory","vectorized",1,22.23
229,"trueskill_p50","heterogeneous","trajectory","vectorized",2,22.2389999999999
229,"trueskill_p50","heterogeneous","trajectory","scalar",2,24.849
229,"trueskill_p50","heterogeneous","trajectory","scalar",3,24.842
229,"trueskill_p50","heterogeneous","trajectory","vectorized",3,22.227
229,"trueskill_pollitt","heterogeneous","scoring","scalar",1,0.009509516
229,"trueskill_pollitt","heterogeneous","scoring","scalar",2,0.009025035
229,"trueskill_pollitt","heterogeneous","scoring","scalar",3,0.009199845
229,"trueskill_pollitt","heterogeneous","scoring","scalar",4,0.010035167
229,"trueskill_pollitt","heterogeneous","scoring","scalar",5,0.010842776
229,"trueskill_pollitt","heterogeneous","scoring","scalar",6,0.009443746
229,"trueskill_pollitt","heterogeneous","scoring","scalar",7,0.009261096
229,"trueskill_pollitt","heterogeneous","scoring","scalar",8,0.014991089
229,"trueskill_pollitt","heterogeneous","scoring","scalar",9,0.009094406
229,"trueskill_pollitt","heterogeneous","scoring","scalar",10,0.009286336
229,"trueskill_pollitt","heterogeneous","scoring","scalar",11,0.011439207
229,"trueskill_pollitt","heterogeneous","scoring","scalar",12,0.011035607
229,"trueskill_pollitt","heterogeneous","scoring","scalar",13,0.009401106
229,"trueskill_pollitt","heterogeneous","scoring","scalar",14,0.009600556
229,"trueskill_pollitt","heterogeneous","scoring","scalar",15,0.014040248
229,"trueskill_pollitt","heterogeneous","scoring","scalar",16,0.009049226
229,"trueskill_pollitt","heterogeneous","scoring","scalar",17,0.009185836
229,"trueskill_pollitt","heterogeneous","scoring","scalar",18,0.009636276
229,"trueskill_pollitt","heterogeneous","scoring","scalar",19,0.011232387
229,"trueskill_pollitt","heterogeneous","scoring","scalar",20,0.009334136
229,"trueskill_pollitt","heterogeneous","scoring","scalar",21,0.009504346
229,"trueskill_pollitt","heterogeneous","scoring","scalar",22,0.015299899
229,"trueskill_pollitt","heterogeneous","scoring","scalar",23,0.009801276
229,"trueskill_pollitt","heterogeneous","scoring","scalar",24,0.009736216
229,"trueskill_pollitt","heterogeneous","scoring","scalar",25,0.009493476
229,"trueskill_pollitt","heterogeneous","scoring","scalar",26,0.011530037
229,"trueskill_pollitt","heterogeneous","scoring","scalar",27,0.009525566
229,"trueskill_pollitt","heterogeneous","scoring","scalar",28,0.009435766
229,"trueskill_pollitt","heterogeneous","scoring","scalar",29,0.014076139
229,"trueskill_pollitt","heterogeneous","scoring","scalar",30,0.009285756
229,"trueskill_pollitt","heterogeneous","scoring","scalar",31,0.009074785
229,"trueskill_pollitt","heterogeneous","scoring","scalar",32,0.009360216
229,"trueskill_pollitt","heterogeneous","scoring","scalar",33,0.013284259
229,"trueskill_pollitt","heterogeneous","scoring","scalar",34,0.009398405
229,"trueskill_pollitt","heterogeneous","scoring","scalar",35,0.009400106
229,"trueskill_pollitt","heterogeneous","scoring","scalar",36,0.01509774
229,"trueskill_pollitt","heterogeneous","scoring","scalar",37,0.009095195
229,"trueskill_pollitt","heterogeneous","scoring","scalar",38,0.009112956
229,"trueskill_pollitt","heterogeneous","scoring","scalar",39,0.009341016
229,"trueskill_pollitt","heterogeneous","scoring","scalar",40,0.011665407
229,"trueskill_pollitt","heterogeneous","scoring","scalar",41,0.009310076
229,"trueskill_pollitt","heterogeneous","scoring","scalar",42,0.009384776
229,"trueskill_pollitt","heterogeneous","scoring","scalar",43,0.014133899
229,"trueskill_pollitt","heterogeneous","scoring","scalar",44,0.009045335
229,"trueskill_pollitt","heterogeneous","scoring","scalar",45,0.009083106
229,"trueskill_pollitt","heterogeneous","scoring","scalar",46,0.009242826
229,"trueskill_pollitt","heterogeneous","scoring","scalar",47,0.011434167
229,"trueskill_pollitt","heterogeneous","scoring","scalar",48,0.009387626
229,"trueskill_pollitt","heterogeneous","scoring","scalar",49,0.009419125
229,"trueskill_pollitt","heterogeneous","scoring","scalar",50,0.013724488
229,"trueskill_pollitt","heterogeneous","scoring","scalar",51,0.009181936
229,"trueskill_pollitt","heterogeneous","scoring","scalar",52,0.009099515
229,"trueskill_pollitt","heterogeneous","scoring","scalar",53,0.009412466
229,"trueskill_pollitt","heterogeneous","scoring","scalar",54,0.011212367
229,"trueskill_pollitt","heterogeneous","scoring","scalar",55,0.009729216
229,"trueskill_pollitt","heterogeneous","scoring","scalar",56,0.009495256
229,"trueskill_pollitt","heterogeneous","scoring","scalar",57,0.014169619
229,"trueskill_pollitt","heterogeneous","scoring","scalar",58,0.009162566
229,"trueskill_pollitt","heterogeneous","scoring","scalar",59,0.009140886
229,"trueskill_pollitt","heterogeneous","scoring","scalar",60,0.009203745
229,"trueskill_pollitt","heterogeneous","scoring","scalar",61,0.010850777
229,"trueskill_pollitt","heterogeneous","scoring","scalar",62,0.010095396
229,"trueskill_pollitt","heterogeneous","scoring","scalar",63,0.009389656
229,"trueskill_pollitt","heterogeneous","scoring","scalar",64,0.013970259
229,"trueskill_pollitt","heterogeneous","scoring","scalar",65,0.009269866
229,"trueskill_pollitt","heterogeneous","scoring","scalar",66,0.009117305
229,"trueskill_pollitt","heterogeneous","scoring","scalar",67,0.009334096
229,"trueskill_pollitt","heterogeneous","scoring","scalar",68,0.010685927
229,"trueskill_pollitt","heterogeneous","scoring","scalar",69,0.010318206
229,"trueskill_pollitt","heterogeneous","scoring","scalar",70,0.009437626
229,"trueskill_pollitt","heterogeneous","scoring","scalar",71,0.014066859
229,"trueskill_pollitt","heterogeneous","scoring","scalar",72,0.009477196
229,"trueskill_pollitt","heterogeneous","scoring","scalar",73,0.009084425
229,"trueskill_pollitt","heterogeneous","scoring","scalar",74,0.009628005
229,"trueskill_pollitt","heterogeneous","scoring","scalar",75,0.011318667
229,"trueskill_pollitt","heterogeneous","scoring","scalar",76,0.010588436
229,"trueskill_pollitt","heterogeneous","scoring","scalar",77,0.009463326
229,"trueskill_pollitt","heterogeneous","scoring","scalar",78,0.009458976
229,"trueskill_pollitt","heterogeneous","scoring","scalar",79,0.013989389
229,"trueskill_pollitt","heterogeneous","scoring","scalar",80,0.009233775
229,"trueskill_pollitt","heterogeneous","scoring","scalar",81,0.009282916
229,"trueskill_pollitt","heterogeneous","scoring","scalar",82,0.010087816
229,"trueskill_pollitt","heterogeneous","scoring","scalar",83,0.011012136
229,"trueskill_pollitt","heterogeneous","scoring","scalar",84,0.009450836
229,"trueskill_pollitt","heterogeneous","scoring","scalar",85,0.009749906
229,"trueskill_pollitt","heterogeneous","scoring","scalar",86,0.014105389
229,"trueskill_pollitt","heterogeneous","scoring","scalar",87,0.009111596
229,"trueskill_pollitt","heterogeneous","scoring","scalar",88,0.009301826
229,"trueskill_pollitt","heterogeneous","scoring","scalar",89,0.009703086
229,"trueskill_pollitt","heterogeneous","scoring","scalar",90,0.011268107
229,"trueskill_pollitt","heterogeneous","scoring","scalar",91,0.009480826
229,"trueskill_pollitt","heterogeneous","scoring","scalar",92,0.009455495
229,"trueskill_pollitt","heterogeneous","scoring","scalar",93,0.013941338
229,"trueskill_pollitt","heterogeneous","scoring","scalar",94,0.009325886
229,"trueskill_pollitt","heterogeneous","scoring","scalar",95,0.009244056
229,"trueskill_pollitt","heterogeneous","scoring","scalar",96,0.009642386
229,"trueskill_pollitt","heterogeneous","scoring","scalar",97,0.011520447
229,"trueskill_pollitt","heterogeneous","scoring","scalar",98,0.009498086
229,"trueskill_pollitt","heterogeneous","scoring","scalar",99,0.009443266
229,"trueskill_pollitt","heterogeneous","scoring","scalar",100,0.014302669
229,"trueskill_pollitt","heterogeneous","scoring","vectorized",1,8.055e-05
229,"trueskill_pollitt","heterogeneous","scoring","vectorized",2,7.0561e-05
229,"trueskill_pollitt","heterogeneous","scoring","vectorized",3,6.541e-05
229,"trueskill_pollitt","heterogeneous","scoring","vectorized",4,7.911e-05
229,"trueskill_pollitt","heterogeneous","scoring","vectorized",5,6.532e-05
229,"trueskill_pollitt","heterogeneous","scoring","vectorized",6,6.645e-05
229,"trueskill_pollitt","heterogeneous","scoring","vectorized",7,6.288e-05
229,"trueskill_pollitt","heterogeneous","scoring","vectorized",8,7.945e-05
229,"trueskill_pollitt","heterogeneous","scoring","vectorized",9,6.27e-05
229,"trueskill_pollitt","heterogeneous","scoring","vectorized",10,6.021e-05
229,"trueskill_pollitt","heterogeneous","scoring","vectorized",11,7.337e-05
229,"trueskill_pollitt","heterogeneous","scoring","vectorized",12,6.129e-05
229,"trueskill_pollitt","heterogeneous","scoring","vectorized",13,5.838e-05
229,"trueskill_pollitt","heterogeneous","scoring","vectorized",14,6.027e-05
229,"trueskill_pollitt","heterogeneous","scoring","vectorized",15,6e-05
229,"trueskill_pollitt","heterogeneous","scoring","vectorized",16,6.408e-05
229,"trueskill_pollitt","heterogeneous","scoring","vectorized",17,6.003e-05
229,"trueskill_pollitt","heterogeneous","scoring","vectorized",18,7.181e-05
229,"trueskill_pollitt","heterogeneous","scoring","vectorized",19,5.735e-05
229,"trueskill_pollitt","heterogeneous","scoring","vectorized",20,5.612e-05
229,"trueskill_pollitt","heterogeneous","scoring","vectorized",21,5.914e-05
229,"trueskill_pollitt","heterogeneous","scoring","vectorized",22,6.755e-05
229,"trueskill_pollitt","heterogeneous","scoring","vectorized",23,8.871e-05
229,"trueskill_pollitt","heterogeneous","scoring","vectorized",24,6.257e-05
229,"trueskill_pollitt","heterogeneous","scoring","vectorized",25,6.966e-05
229,"trueskill_pollitt","heterogeneous","scoring","vectorized",26,6.107e-05
229,"trueskill_pollitt","heterogeneous","scoring","vectorized",27,7.034e-05
229,"trueskill_pollitt","heterogeneous","scoring","vectorized",28,5.853e-05
229,"trueskill_pollitt","heterogeneous","scoring","vectorized",29,6e-05
229,"trueskill_pollitt","heterogeneous","scoring","vectorized",30,6.478e-05
229,"trueskill_pollitt","heterogeneous","scoring","vectorized",31,5.917e-05
229,"trueskill_pollitt","heterogeneous","scoring","vectorized",32,5.456e-05
229,"trueskill_pollitt","heterogeneous","scoring","vectorized",33,7.196e-05
229,"trueskill_pollitt","heterogeneous","scoring","vectorized",34,5.997e-05
229,"trueskill_pollitt","heterogeneous","scoring","vectorized",35,5.547e-05
229,"trueskill_pollitt","heterogeneous","scoring","vectorized",36,7.125e-05
229,"trueskill_pollitt","heterogeneous","scoring","vectorized",37,5.935e-05
229,"trueskill_pollitt","heterogeneous","scoring","vectorized",38,5.823e-05
229,"trueskill_pollitt","heterogeneous","scoring","vectorized",39,5.898e-05
229,"trueskill_pollitt","heterogeneous","scoring","vectorized",40,5.643e-05
229,"trueskill_pollitt","heterogeneous","scoring","vectorized",41,5.563e-05
229,"trueskill_pollitt","heterogeneous","scoring","vectorized",42,5.634e-05
229,"trueskill_pollitt","heterogeneous","scoring","vectorized",43,5.833e-05
229,"trueskill_pollitt","heterogeneous","scoring","vectorized",44,5.506e-05
229,"trueskill_pollitt","heterogeneous","scoring","vectorized",45,5.426e-05
229,"trueskill_pollitt","heterogeneous","scoring","vectorized",46,5.89e-05
229,"trueskill_pollitt","heterogeneous","scoring","vectorized",47,5.928e-05
229,"trueskill_pollitt","heterogeneous","scoring","vectorized",48,5.489e-05
229,"trueskill_pollitt","heterogeneous","scoring","vectorized",49,5.3731e-05
229,"trueskill_pollitt","heterogeneous","scoring","vectorized",50,5.666e-05
229,"trueskill_pollitt","heterogeneous","scoring","vectorized",51,5.723e-05
229,"trueskill_pollitt","heterogeneous","scoring","vectorized",52,5.589e-05
229,"trueskill_pollitt","heterogeneous","scoring","vectorized",53,5.602e-05
229,"trueskill_pollitt","heterogeneous","scoring","vectorized",54,5.926e-05
229,"trueskill_pollitt","heterogeneous","scoring","vectorized",55,5.587e-05
229,"trueskill_pollitt","heterogeneous","scoring","vectorized",56,5.45e-05
229,"trueskill_pollitt","heterogeneous","scoring","vectorized",57,5.732e-05
229,"trueskill_pollitt","heterogeneous","scoring","vectorized",58,6.243e-05
229,"trueskill_pollitt","heterogeneous","scoring","vectorized",59,5.525e-05
229,"trueskill_pollitt","heterogeneous","scoring","vectorized",60,5.359e-05
229,"trueskill_pollitt","heterogeneous","scoring","vectorized",61,6.006e-05
229,"trueskill_pollitt","heterogeneous","scoring","vectorized",62,5.559e-05
229,"trueskill_pollitt","heterogeneous","scoring","vectorized",63,5.525e-05
229,"trueskill_pollitt","heterogeneous","scoring","vectorized",64,5.759e-05
229,"trueskill_pollitt","heterogeneous","scoring","vectorized",65,5.902e-05
229,"trueskill_pollitt","heterogeneous","scoring","vectorized",66,5.472e-05
229,"trueskill_pollitt","heterogeneous","scoring","vectorized",67,5.949e-05
229,"trueskill_pollitt","heterogeneous","scoring","vectorized",68,5.847e-05
229,"trueskill_pollitt","heterogeneous","scoring","vectorized",69,5.443e-05
229,"trueskill_pollitt","heterogeneous","scoring","vectorized",70,5.433e-05
229,"trueskill_pollitt","heterogeneous","scoring","vectorized",71,6.21e-05
229,"trueskill_pollitt","heterogeneous","scoring","vectorized",72,5.5e-05
229,"trueskill_pollitt","heterogeneous","scoring","vectorized",73,5.4781e-05
229,"trueskill_pollitt","heterogeneous","scoring","vectorized",74,8.7061e-05
229,"trueskill_pollitt","heterogeneous","scoring","vectorized",75,6.772e-05
229,"trueskill_pollitt","heterogeneous","scoring","vectorized",76,5.411e-05
229,"trueskill_pollitt","heterogeneous","scoring","vectorized",77,5.674e-05
229,"trueskill_pollitt","heterogeneous","scoring","vectorized",78,5.282e-05
229,"trueskill_pollitt","heterogeneous","scoring","vectorized",79,5.588e-05
229,"trueskill_pollitt","heterogeneous","scoring","vectorized",80,5.893e-05
229,"trueskill_pollitt","heterogeneous","scoring","vectorized",81,5.89e-05
229,"trueskill_pollitt","heterogeneous","scoring","vectorized",82,9.2741e-05
229,"trueskill_pollitt","heterogeneous","scoring","vectorized",83,6.164e-05
229,"trueskill_pollitt","heterogeneous","scoring","vectorized",84,5.475e-05
229,"trueskill_pollitt","heterogeneous","scoring","vectorized",85,5.596e-05
229,"trueskill_pollitt","heterogeneous","scoring","vectorized",86,5.923e-05
229,"trueskill_pollitt","heterogeneous","scoring","vectorized",87,5.491e-05
229,"trueskill_pollitt","heterogeneous","scoring","vectorized",88,5.791e-05
229,"trueskill_pollitt","heterogeneous","scoring","vectorized",89,6.311e-05
229,"trueskill_pollitt","heterogeneous","scoring","vectorized",90,5.438e-05
229,"trueskill_pollitt","heterogeneous","scoring","vectorized",91,5.779e-05
229,"trueskill_pollitt","heterogeneous","scoring","vectorized",92,5.3151e-05
229,"trueskill_pollitt","heterogeneous","scoring","vectorized",93,5.792e-05
229,"trueskill_pollitt","heterogeneous","scoring","vectorized",94,6.769e-05
229,"trueskill_pollitt","heterogeneous","scoring","vectorized",95,6.124e-05
229,"trueskill_pollitt","heterogeneous","scoring","vectorized",96,6.15e-05
229,"trueskill_pollitt","heterogeneous","scoring","vectorized",97,5.811e-05
229,"trueskill_pollitt","heterogeneous","scoring","vectorized",98,5.919e-05
229,"trueskill_pollitt","heterogeneous","scoring","vectorized",99,5.69e-05
229,"trueskill_pollitt","heterogeneous","scoring","vectorized",100,5.999e-05
229,"trueskill_pollitt","heterogeneous","selection","scalar",1,0.014417139
229,"trueskill_pollitt","heterogeneous","selection","scalar",2,0.013781929
229,"trueskill_pollitt","heterogeneous","selection","scalar",3,0.01590479
229,"trueskill_pollitt","heterogeneous","selection","scalar",4,0.013844118
229,"trueskill_pollitt","heterogeneous","selection","scalar",5,0.018606311
229,"trueskill_pollitt","heterogeneous","selection","scalar",6,0.013408989
229,"trueskill_pollitt","heterogeneous","selection","scalar",7,0.013747939
229,"trueskill_pollitt","heterogeneous","selection","scalar",8,0.01521572
229,"trueskill_pollitt","heterogeneous","selection","scalar",9,0.014794729
229,"trueskill_pollitt","heterogeneous","selection","scalar",10,0.018532601
229,"trueskill_pollitt","heterogeneous","selection","scalar",11,0.013608409
229,"trueskill_pollitt","heterogeneous","selection","scalar",12,0.01579546
229,"trueskill_pollitt","heterogeneous","selection","scalar",13,0.013773169
229,"trueskill_pollitt","heterogeneous","selection","scalar",14,0.018837512
229,"trueskill_pollitt","heterogeneous","selection","scalar",15,0.013627199
229,"trueskill_pollitt","heterogeneous","selection","scalar",16,0.013876669
229,"trueskill_pollitt","heterogeneous","selection","scalar",17,0.01533379
229,"trueskill_pollitt","heterogeneous","selection","scalar",18,0.014017289
229,"trueskill_pollitt","heterogeneous","selection","scalar",19,0.018412041
229,"trueskill_pollitt","heterogeneous","selection","scalar",20,0.013598158
229,"trueskill_pollitt","heterogeneous","selection","scalar",21,0.01594331
229,"trueskill_pollitt","heterogeneous","selection","scalar",22,0.013885909
229,"trueskill_pollitt","heterogeneous","selection","scalar",23,0.019147392
229,"trueskill_pollitt","heterogeneous","selection","scalar",24,0.013367989
229,"trueskill_pollitt","heterogeneous","selection","scalar",25,0.013868728
229,"trueskill_pollitt","heterogeneous","selection","scalar",26,0.015197209
229,"trueskill_pollitt","heterogeneous","selection","scalar",27,0.013916128
229,"trueskill_pollitt","heterogeneous","selection","scalar",28,0.018259801
229,"trueskill_pollitt","heterogeneous","selection","scalar",29,0.013382139
229,"trueskill_pollitt","heterogeneous","selection","scalar",30,0.01599999
229,"trueskill_pollitt","heterogeneous","selection","vectorized",1,0.003873352
229,"trueskill_pollitt","heterogeneous","selection","vectorized",2,0.003842312
229,"trueskill_pollitt","heterogeneous","selection","vectorized",3,0.003773513
229,"trueskill_pollitt","heterogeneous","selection","vectorized",4,0.003740463
229,"trueskill_pollitt","heterogeneous","selection","vectorized",5,0.003745552
229,"trueskill_pollitt","heterogeneous","selection","vectorized",6,0.003819742
229,"trueskill_pollitt","heterogeneous","selection","vectorized",7,0.004327012
229,"trueskill_pollitt","heterogeneous","selection","vectorized",8,0.003872922
229,"trueskill_pollitt","heterogeneous","selection","vectorized",9,0.003755233
229,"trueskill_pollitt","heterogeneous","selection","vectorized",10,0.003666142
229,"trueskill_pollitt","heterogeneous","selection","vectorized",11,0.003791492
229,"trueskill_pollitt","heterogeneous","selection","vectorized",12,0.003733212
229,"trueskill_pollitt","heterogeneous","selection","vectorized",13,0.003688392
229,"trueskill_pollitt","heterogeneous","selection","vectorized",14,0.003941392
229,"trueskill_pollitt","heterogeneous","selection","vectorized",15,0.003789342
229,"trueskill_pollitt","heterogeneous","selection","vectorized",16,0.004233402
229,"trueskill_pollitt","heterogeneous","selection","vectorized",17,0.003695662
229,"trueskill_pollitt","heterogeneous","selection","vectorized",18,0.003743202
229,"trueskill_pollitt","heterogeneous","selection","vectorized",19,0.004047283
229,"trueskill_pollitt","heterogeneous","selection","vectorized",20,0.003814403
229,"trueskill_pollitt","heterogeneous","selection","vectorized",21,0.003974622
229,"trueskill_pollitt","heterogeneous","selection","vectorized",22,0.003767552
229,"trueskill_pollitt","heterogeneous","selection","vectorized",23,0.003739862
229,"trueskill_pollitt","heterogeneous","selection","vectorized",24,0.003683002
229,"trueskill_pollitt","heterogeneous","selection","vectorized",25,0.004155923
229,"trueskill_pollitt","heterogeneous","selection","vectorized",26,0.003692663
229,"trueskill_pollitt","heterogeneous","selection","vectorized",27,0.003709253
229,"trueskill_pollitt","heterogeneous","selection","vectorized",28,0.003757112
229,"trueskill_pollitt","heterogeneous","selection","vectorized",29,0.003772302
229,"trueskill_pollitt","heterogeneous","selection","vectorized",30,0.003960412
229,"trueskill_pollitt","heterogeneous","trajectory","scalar",1,24.8390000000001
229,"trueskill_pollitt","heterogeneous","trajectory","vectorized",1,22.311
229,"trueskill_pollitt","heterogeneous","trajectory","vectorized",2,22.204
229,"trueskill_pollitt","heterogeneous","trajectory","scalar",2,24.9780000000001
229,"trueskill_pollitt","heterogeneous","trajectory","scalar",3,24.8579999999999
229,"trueskill_pollitt","heterogeneous","trajectory","vectorized",3,22.234
